Survey,Year,Summary Depth,Species Code,Common Name,Scientific Name,Haul Count,Catch Count,Mean Weight CPUE,Var Weight CPUE,Mean Number CPUE,Var Number CPUE,Area Biomass,Area Biomass Var,Min Area Biomass,Max Area Population,Area Population,Area Population Var,Min Area Population,Max Area Population,Minimum Depth,Maximum Depth
GOA,2021,991,150,shark unid.,Selachii,196,0,0,0,0,0,0,0,0,0,0,0,0,0,1,100
GOA,2021,991,232,salmon shark,Lamna ditropis,196,0,0,0,0,0,0,0,0,0,0,0,0,0,1,100
GOA,2021,991,310,spiny dogfish,Squalus suckleyi,196,39,176.354876538252,1483.11242228198,68.4582537789149,230.880394436954,22758.4,24698498.0637481,12610,12840004,8835972,3844886530034.29,4831940,12840004,1,100
GOA,2021,991,320,Pacific sleeper shark,Somniosus pacificus,196,0,0,0,0,0,0,0,0,0,0,0,0,0,1,100
GOA,2021,991,400,skate unid.,Rajidae,196,0,0,0,0,0,0,0,0,0,0,0,0,0,1,100
GOA,2021,991,405,,Bathyraja sp.,196,0,0,0,0,0,0,0,0,0,0,0,0,0,1,100
GOA,2021,991,420,big skate,Beringraja binoculata,196,41,216.929616838491,2634.43035005392,27.007938396382,64.5201930979334,27996.1,43871571.650497,14610,5581375,3486479,1074464646348.29,1391583,5581375,1,100
GOA,2021,991,435,Bering skate,Bathyraja interrupta,196,6,3.3648013644569,3.84141514570288,1.13851720460257,0.220860800145097,434.4,63971.6741042551,0,275416,146845,3678028693.434,18274,275416,1,100
GOA,2021,991,440,longnose skate,Raja rhina,196,31,71.3202432164766,158.574909350534,8.20288483206162,2.02324701274997,9202,2640772.22516078,5918,1428604,1057634,33693442031.8599,686664,1428604,1,100
GOA,2021,991,455,mud skate,Bathyraja taranetzi,196,0,0,0,0,0,0,0,0,0,0,0,0,0,1,100
GOA,2021,991,460,roughtail skate,Bathyraja trachura,196,0,0,0,0,0,0,0,0,0,0,0,0,0,1,100
GOA,2021,991,471,Alaska skate,Bathyraja parmifera,196,1,1.39473660685863,1.94700007180483,0.32285569603209,0.10432742154304,180.1,32423.6900595835,0,137800,41682,1737380511.59462,0,137800,1,100
GOA,2021,991,472,Aleutian skate,Bathyraja aleutica,196,16,27.5356479071796,61.943941820953,3.54147288831668,0.878645811874907,3551.2,1031561.93970227,1499,700261,455793,14632223125.6902,211325,700261,1,100
GOA,2021,991,480,whiteblotched skate,Bathyraja maculata,196,0,0,0,0,0,0,0,0,0,0,0,0,0,1,100
GOA,2021,991,485,whitebrow skate,Bathyraja minispinosa,196,0,0,0,0,0,0,0,0,0,0,0,0,0,1,100
GOA,2021,991,710,spotted ratfish,Hydrolagus colliei,196,6,242.409706336979,23408.4995238023,910.160028068357,243307.667530896,31282.4,389825323.743366,0,267995070,117453210,4051839810066920,0,267995070,1,100
GOA,2021,991,10010,Pacific sanddab,Citharichthys sordidus,196,3,0.667321865189435,0.213010009986752,5.65703614903508,14.6590057046829,86,3547.28828386584,0,1807104,730496,244118664623.219,0,1807104,1,100
GOA,2021,991,10020,speckled sanddab,Citharichthys stigmaeus,196,0,0,0,0,0,0,0,0,0,0,0,0,0,1,100
GOA,2021,991,10110,arrowtooth flounder,Atheresthes stomias,196,174,3117.95522902817,198247.848892336,5495.58503080999,496248.090713312,402362.5,3301451756.75608,285033,894820661,709188424,8264095373675670,523556187,894820661,1,100
GOA,2021,991,10112,Kamchatka flounder,Atheresthes evermanni,196,0,0,0,0,0,0,0,0,0,0,0,0,0,1,100
GOA,2021,991,10115,Greenland turbot,Reinhardtius hippoglossoides,196,0,0,0,0,0,0,0,0,0,0,0,0,0,1,100
GOA,2021,991,10120,Pacific halibut,Hippoglossus stenolepis,196,191,1664.59433721933,80016.8325145784,901.300377135182,13752.3006293722,214811.6,1332532553.32307,132240,150542523,116310819,229019166290856,82079115,150542523,1,100
GOA,2021,991,10130,flathead sole,Hippoglossoides elassodon,196,129,772.450147729787,17205.1247196886,2796.67847510958,224243.397183966,99683.8,286519574.100756,65830,483121683,360902869,3734359599412400,238684055,483121683,1,100
GOA,2021,991,10150,slender sole,Lyopsetta exilis,196,9,3.27338934461571,1.76845347013752,44.0394239534069,343.138105770008,423.2,29450.3261868815,17,11336297,5682843,5714331370725.59,29389,11336297,1,100
GOA,2021,991,10160,petrale sole,Eopsetta jordani,196,10,8.29857743563637,38.5820567454103,9.16959937401458,31.4768970634641,1070.5,642512.893497132,0,2796650,1183557,524189582323.488,0,2796650,1,100
GOA,2021,991,10170,English sole,Parophrys vetulus,196,69,235.662143761065,2196.81923276071,463.580642106817,7480.29372672863,30411.3,36583966.7658243,18314,82146506,59824277,124570475811676,37502048,82146506,1,100
GOA,2021,991,10180,Dover sole,Microstomus pacificus,196,48,78.17257013362,860.54589597325,218.222345166915,4762.8347014056,10086.6,14330802.4571456,2099,46951733,28160147,79316214929695.3,9368561,46951733,1,100
GOA,2021,991,10190,deepsea sole,Embassichthys bathybius,196,0,0,0,0,0,0,0,0,0,0,0,0,0,1,100
GOA,2021,991,10200,rex sole,Glyptocephalus zachirus,196,98,172.814176423621,1399.44583623765,718.629427135656,20058.4843435023,22302.3,23305185.6065327,12546,129673546,92736377,334037008440296,55799208,129673546,1,100
GOA,2021,991,10210,yellowfin sole,Limanda aspera,196,31,145.991238773788,2190.75304396689,366.236936790116,12572.7659114161,18840.3,36482945.5957986,6374,77128355,47262611,209376194180395,17396867,77128355,1,100
GOA,2021,991,10220,starry flounder,Platichthys stellatus,196,29,173.797459193503,3117.02560850536,86.4767406249886,682.771521081248,22427.8,51908304.3198231,7521,18137113,11160471,11370298595072.6,4183829,18137113,1,100
GOA,2021,991,10250,sand sole,Psettichthys melanostictus,196,10,27.1473578126857,556.237474954065,37.3695314096801,902.700609826302,3502.6,9263107.76697486,0,13355601,4821846,15032811356022.9,0,13355601,1,100
GOA,2021,991,10261,northern rock sole,Lepidopsetta polyxystra,196,127,395.672983740758,11276.1531730151,840.599594079978,40185.3771688755,51060.6,187783503.884165,23078,161301727,108476910,669213233794730,55652093,161301727,1,100
GOA,2021,991,10262,southern rock sole,Lepidopsetta bilineata,196,151,926.090013067012,5756.60478704913,1906.60701630667,31502.8748302363,119510.7,95865620.1988603,99929,291851413,246042148,524622194047779,200232883,291851413,1,100
GOA,2021,991,10270,butter sole,Isopsetta isolepis,196,47,73.6869700368926,492.330582517257,239.436380539706,6317.03075017629,9507.7,8198856.51036274,3661,51840680,30896639,105198479500162,9952598,51840680,1,100
GOA,2021,991,10285,Alaska plaice,Pleuronectes quadrituberculatus,196,18,12.428537384522,20.6605232920333,9.41172918606398,12.878038091246,1603.8,344062.855153733,376,2184348,1215083,214459938493.483,245818,2184348,1,100
GOA,2021,991,20202,sand lance unid.,Ammodytes sp.,196,8,0.079342365054073,0.003144202302227,25.3757066885101,291.851980985401,10.4,52.3608819580266,0,7776721,3274930,4860255688626.75,0,7776721,1,100
GOA,2021,991,20510,sablefish,Anoplopoma fimbria,196,37,31.6407007694307,56.5069339536129,48.2596632511591,126.72162461092,4084.3,941018.61590119,2103,9194200,6227803,2110314601284.32,3261406,9194200,1,100
GOA,2021,991,21110,Pacific herring,Clupea pallasii,196,39,145.981184618056,6594.45430524095,2032.1623104475,1216540.35434206,18837.4,109818456.404583,0,610537777,262244200,20259232634541300,0,610537777,1,100
GOA,2021,991,21200,grenadier unid.,Macrouridae,196,0,0,0,0,0,0,0,0,0,0,0,0,0,1,100
GOA,2021,991,21220,Pacific grenadier,Coryphaenoides acrolepis,196,0,0,0,0,0,0,0,0,0,0,0,0,0,1,100
GOA,2021,991,21230,giant grenadier,Albatrossia pectoralis,196,0,0,0,0,0,0,0,0,0,0,0,0,0,1,100
GOA,2021,991,21232,popeye grenadier,Coryphaenoides cinereus,196,0,0,0,0,0,0,0,0,0,0,0,0,0,1,100
GOA,2021,991,21300,sculpin unid.,Cottidae,196,13,0.123845664066706,0.003075870925581,3.5886742534679,1.75922579777829,16.1,51.2229490889921,2,807990,462070,29296656347.3782,116150,807990,1,100
GOA,2021,991,21314,threaded sculpin,Gymnocanthus pistilliger,196,0,0,0,0,0,0,0,0,0,0,0,0,0,1,100
GOA,2021,991,21316,armorhead sculpin,Gymnocanthus galeatus,196,6,0.50011547489608,0.067364911538928,1.9529429248063,0.831690128162777,64.1,1121.83817774837,0,492452,250958,13850262941.2683,9464,492452,1,100
GOA,2021,991,21341,darkfin sculpin,Malacocottus zonurus,196,0,0,0,0,0,0,0,0,0,0,0,0,0,1,100
GOA,2021,991,21347,yellow Irish lord,Hemilepidotus jordani,196,79,89.1596594726936,224.774137466099,151.21412873328,758.599112994185,11507.7,3743198.09852661,7638,26621637,19513032,12633067083761.3,12404427,26621637,1,100
GOA,2021,991,21348,butterfly sculpin,Hemilepidotus papilio,196,0,0,0,0,0,0,0,0,0,0,0,0,0,1,100
GOA,2021,991,21352,scissortail sculpin,Triglops forficata,196,6,0.07941638841683,0.001168925766732,0.477842225136163,0.132647354588942,10.4,19.4662996227085,2,156134,62134,2208996689.16225,0,156134,1,100
GOA,2021,991,21354,spectacled sculpin,Triglops scepticus,196,0,0,0,0,0,0,0,0,0,0,0,0,0,1,100
GOA,2021,991,21368,shorthorn (=warty) sculpin,Myoxocephalus scorpius,196,0,0,0,0,0,0,0,0,0,0,0,0,0,1,100
GOA,2021,991,21370,great sculpin,Myoxocephalus polyacanthocephalus,196,32,37.2114367083472,129.395351635611,15.602890854669,22.4367378412447,4803.3,2154840.58646939,1806,3260716,2012517,373642427777.768,764318,3260716,1,100
GOA,2021,991,21371,plain sculpin,Myoxocephalus jaok,196,9,21.3267140098991,178.699715606607,18.1989942958499,117.167982584038,2752.1,2975913.70255746,0,5366136,2348920,1951216339036.87,0,5366136,1,100
GOA,2021,991,21380,Pacific staghorn sculpin,Leptocottus armatus,196,2,0.217183966696934,0.026630351213379,0.375411097976199,0.141158327075123,28.4,443.479312828189,0,153210,48484,2350731216.03454,0,153210,1,100
GOA,2021,991,21388,antlered sculpin,Enophrys diceraus,196,0,0,0,0,0,0,0,0,0,0,0,0,0,1,100
GOA,2021,991,21390,spinyhead sculpin,Dasycottus setiger,196,23,1.61363371942907,0.199746188610252,21.9318412302746,36.6232919388433,208.8,3326.40383730357,92,4407397,2829084,609893283509.715,1250771,4407397,1,100
GOA,2021,991,21397,crested sculpin,Blepsias bilobus,196,0,0,0,0,0,0,0,0,0,0,0,0,0,1,100
GOA,2021,991,21420,bigmouth sculpin,Hemitripterus bolini,196,7,4.20472264404927,3.43746560682235,2.54510057862906,1.46960375492196,542,57244.6406346401,46,652340,327883,24473536159.5643,3426,652340,1,100
GOA,2021,991,21438,thorny sculpin,Icelus spiniger,196,1,0,0.000001884715449,0.196910486075564,0.038463580589446,0.2,0.031386454705387,0,80457,25309,640539891.946666,0,80457,1,100
GOA,2021,991,21592,Pacific sandfish,Trichodon trichodon,196,26,7.01097874608507,3.0961017313739,180.322649513167,2210.77032896181,904.2,51559.8557928918,420,36200248,23270100,36816296505184,10339952,36200248,1,100
GOA,2021,991,21710,Pacific tomcod,Microgadus proximus,196,19,16.9432004862783,35.3098551967977,435.568053980076,38762.9519031116,2186.2,588020.420506952,478,112815506,56208284,645525368232765,0,112815506,1,100
GOA,2021,991,21720,Pacific cod,Gadus macrocephalus,196,157,755.643920752002,10399.1346093122,456.804470565537,2933.6417771822,97513.2,173178379.571229,71194,72930213,58951031,48854385321633.6,44971849,72930213,1,100
GOA,2021,991,21740,walleye pollock,Gadus chalcogrammus,196,142,1253.70109404012,61962.8701626616,4999.62448226034,1292987.68248682,161784.6,1031877156.27252,96864,941745895,645186462,21532321685509500,348627029,941745895,1,100
GOA,2021,991,21910,lingcod,Ophiodon elongatus,196,57,147.244020431115,1161.25119577101,51.5201364887746,152.637242378324,19001.6,19338493.8183887,9995,9914268,6649078,2541891348692.46,3383888,9914268,1,100
GOA,2021,991,21921,Atka mackerel,Pleurogrammus monopterygius,196,8,184.091980081443,33330.624432616,501.932305287211,249828.52699735,23756.2,555059987.796371,0,213512670,64772404,4160432680362200,0,213512670,1,100
GOA,2021,991,21935,kelp greenling,Hexagrammos decagrammus,196,27,7.4083006687729,4.08688741565251,14.7686765628573,17.208729250316,954.4,68059.5613695551,433,2975211,1904548,286579600900.737,833885,2975211,1,100
GOA,2021,991,22500,Pacific hake,Merluccius productus,196,3,79.8410908642221,2496.19327086615,426.659548212538,130376.071372393,10303.3,41569488.4224407,0,165258526,55059355,2171172662282450,0,165258526,1,100
GOA,2021,991,23000,smelt unid.,Osmeridae,196,0,0,0,0,0,0,0,0,0,0,0,0,0,1,100
GOA,2021,991,23010,eulachon,Thaleichthys pacificus,196,47,21.2576790995746,53.2261017545429,785.57815020572,62009.3152122257,2743,886382.415368574,779,168409726,101376363,1032650612788350,34343000,168409726,1,100
GOA,2021,991,23041,Pacific capelin,Mallotus catervarius (=villosus),196,74,42.7409881203371,949.259919683344,3971.39089970533,4381074.29599088,5515.5,15808170.6659963,0,1101064236,512497416,72958700494313900,0,1101064236,1,100
GOA,2021,991,23220,chinook salmon,Oncorhynchus tshawytscha,196,23,30.0457264408337,76.8153075070467,15.1340047125121,17.99898644395,3876.8,1279217.06758403,1556,3076249,1952810,299739874844.637,829371,3076249,1,100
GOA,2021,991,23235,chum salmon,Oncorhynchus keta,196,23,32.7155548149646,89.3603362051349,11.9017249795377,11.5156669732968,4221.3,1488131.34970747,1756,2421376,1536344,191772163842.522,651312,2421376,1,100
GOA,2021,991,23240,sockeye salmon,Oncorhynchus nerka,196,0,0,0,0,0,0,0,0,0,0,0,0,0,1,100
GOA,2021,991,23800,prickleback unid.,Stichaeidae,196,14,1.70672450467231,0.614417992033295,24.4089251965809,132.555120694754,220.4,10231.9968187018,0,6510653,3149881,2207460704011.83,0,6510653,1,100
GOA,2021,991,24001,prowfish,Zaprora silenus,196,9,0.532969023960059,0.1388873663256,2.7549656599789,0.927004821689949,68.6,2312.91255924745,0,636110,355061,15437553114.3932,74012,636110,1,100
GOA,2021,991,24191,shortfin eelpout,Lycodes brevipes,196,30,7.04237773858933,13.3869146481883,56.2791979906313,725.263422564041,908.5,222934.337647249,0,14435799,7262717,12077922731133,89635,14435799,1,100
GOA,2021,991,30020,shortspine thornyhead,Sebastolobus alascanus,196,10,0.956928148154531,0.137051582483916,3.43059299063963,1.35374924660599,123.2,2282.3409700826,24,755061,441854,22544193308.4567,128647,755061,1,100
GOA,2021,991,30030,longspine thornyhead,Sebastolobus altivelis,196,0,0,0,0,0,0,0,0,0,0,0,0,0,1,100
GOA,2021,991,30050,rougheye and blackspotted rockfish unid.,,196,0,0,0,0,0,0,0,0,0,0,0,0,0,1,100
GOA,2021,991,30051,rougheye rockfish,Sebastes aleutianus,196,14,21.3249215464717,48.2288560798885,47.7294503116909,226.819482582719,2751,803162.518639762,868,10242305,6158975,3777259543662.92,2075645,10242305,1,100
GOA,2021,991,30052,blackspotted rockfish,Sebastes melanostictus,196,14,6.16522607451779,5.34075520908665,10.6040961239453,13.7766734618134,796.2,88940.4135578738,156,2396923,1369504,229425050798.203,342085,2396923,1,100
GOA,2021,991,30060,Pacific ocean perch,Sebastes alutus,196,36,398.823105646639,125811.876703104,521.821729537409,180688.0281951,51467.8,2095164430.19674,0,182148111,67337467,3009025376277690,0,182148111,1,100
GOA,2021,991,30100,silvergray rockfish,Sebastes brevispinis,196,1,1.66895729679961,2.79008701293525,2.0037633198658,4.00855764548424,215.6,46463.7458707552,0,869415,258370,66755123723.5822,0,869415,1,100
GOA,2021,991,30120,copper rockfish,Sebastes caurinus,196,0,0,0,0,0,0,0,0,0,0,0,0,0,1,100
GOA,2021,991,30151,dark rockfish,Sebastes ciliatus,196,4,9.74449322362124,40.9412170088854,7.24575115816632,20.2021234742371,1257.5,681800.350283353,0,2119407,934996,336429052859.204,0,2119407,1,100
GOA,2021,991,30152,dusky rockfish,Sebastes variabilis,196,14,9.57159577151585,16.6436198356065,11.156621067242,20.7745230811599,1235.7,277168.747363732,161,2641630,1440557,345961311082.434,239484,2641630,1,100
GOA,2021,991,30170,darkblotched rockfish,Sebastes crameri,196,2,0.971064663090133,0.575983990895209,1.92646487062367,2.44680030158933,125.6,9591.94951788387,0,714284,248798,40746939748.6393,0,714284,1,100
GOA,2021,991,30190,splitnose rockfish,Sebastes diploproa,196,1,0.131893281813951,0.017446270508335,0.923252972697658,0.849196509329431,17,290.535411811016,0,400163,118919,14141799385.0684,0,400163,1,100
GOA,2021,991,30200,greenstriped rockfish,Sebastes elongatus,196,0,0,0,0,0,0,0,0,0,0,0,0,0,1,100
GOA,2021,991,30210,Puget Sound rockfish,Sebastes emphaeus,196,0,0,0,0,0,0,0,0,0,0,0,0,0,1,100
GOA,2021,991,30220,widow rockfish,Sebastes entomelas,196,0,0,0,0,0,0,0,0,0,0,0,0,0,1,100
GOA,2021,991,30240,yellowtail rockfish,Sebastes flavidus,196,4,5.27013971007918,11.6289995543886,3.25905379304312,3.34657956816544,680.3,193659.508653745,0,911550,420515,55731101528.592,0,911550,1,100
GOA,2021,991,30270,rosethorn rockfish,Sebastes helvomaculatus,196,0,0,0,0,0,0,0,0,0,0,0,0,0,1,100
GOA,2021,991,30320,quillback rockfish,Sebastes maliger,196,10,4.14931984211408,4.49215944967127,5.95949620904294,5.63760056099456,534.8,74808.6185530304,0,1436160,768504,93883824616.3891,100848,1436160,1,100
GOA,2021,991,30330,black rockfish,Sebastes melanops,196,8,76.0173367419287,3897.22752865441,45.1295597384074,1437.80351687652,9809.5,64901126.256062,0,15972439,5823824,23943961930401.3,0,15972439,1,100
GOA,2021,991,30350,vermilion rockfish,Sebastes miniatus,196,0,0,0,0,0,0,0,0,0,0,0,0,0,1,100
GOA,2021,991,30360,blue rockfish,Sebastes mystinus,196,0,0,0,0,0,0,0,0,0,0,0,0,0,1,100
GOA,2021,991,30380,tiger rockfish,Sebastes nigrocinctus,196,0,0,0,0,0,0,0,0,0,0,0,0,0,1,100
GOA,2021,991,30400,bocaccio,Sebastes paucispinis,196,0,0,0,0,0,0,0,0,0,0,0,0,0,1,100
GOA,2021,991,30410,canary rockfish,Sebastes pinniger,196,1,0.887743242978517,0.786168142308236,0.857306331790682,0.736265689986901,114.4,13092.1783466046,0,372607,110730,12261145173.7192,0,372607,1,100
GOA,2021,991,30420,northern rockfish,Sebastes polyspinis,196,23,316.011862717159,17819.3902643498,312.713276542852,16861.2521908117,40779.8,296749032.190049,5965,74220199,40354545,280793012269674,6488891,74220199,1,100
GOA,2021,991,30430,redstripe rockfish,Sebastes proriger,196,0,0,0,0,0,0,0,0,0,0,0,0,0,1,100
GOA,2021,991,30470,yelloweye rockfish,Sebastes ruberrimus,196,3,0.741000497988734,0.231965887468543,0.557802778452295,0.102107068395801,96,3862.96341155462,0,157263,71740,1700404630.95062,0,157263,1,100
GOA,2021,991,30475,redbanded rockfish,Sebastes babcocki,196,1,1.21747644751339,1.48136282481721,3.61691961282104,13.0695671241593,157.1,24669.3617495033,0,1569871,466529,217649500779.855,0,1569871,1,100
GOA,2021,991,30510,olive rockfish,Sebastes serranoides,196,0,0,0,0,0,0,0,0,0,0,0,0,0,1,100
GOA,2021,991,30535,harlequin rockfish,Sebastes variegatus,196,0,0,0,0,0,0,0,0,0,0,0,0,0,1,100
GOA,2021,991,30550,pygmy rockfish,Sebastes wilsoni,196,0,0,0,0,0,0,0,0,0,0,0,0,0,1,100
GOA,2021,991,30560,sharpchin rockfish,Sebastes zacentrus,196,0,0,0,0,0,0,0,0,0,0,0,0,0,1,100
GOA,2021,991,30575,bank rockfish,Sebastes rufus,196,0,0,0,0,0,0,0,0,0,0,0,0,0,1,100
GOA,2021,991,30576,shortraker rockfish,Sebastes borealis,196,0,0,0,0,0,0,0,0,0,0,0,0,0,1,100
GOA,2021,991,30600,yellowmouth rockfish,Sebastes reedi,196,0,0,0,0,0,0,0,0,0,0,0,0,0,1,100
GOA,2021,991,66000,shrimp unid.,,196,34,5.7422236281861,8.30561174787942,2019.5081077795,559393.008593772,742.6,138314.623080031,0,467640032,260609666,9315657351429480,53579300,467640032,1,100
GOA,2021,991,66031,Alaskan pink shrimp,Pandalus eous,196,26,24.905335999967,191.191243851271,5356.34775346126,11852637.7314477,3213,3183937.0334452,0,1650863591,691221049,197383789429829000,0,1650863591,1,100
GOA,2021,991,66120,sidestripe shrimp,Pandalopsis dispar,196,18,16.1869637360921,14.8340251258052,1356.99641604256,107396.799424003,2088.8,247033.289818695,1045,263969087,175116524,1788495331018250,86263961,263969087,1,100
GOA,2021,991,78010,octopus unid.,Octopodidae,196,3,0.049139387065324,0.001235109106982,1.28398353884693,0.989054371733844,6.4,20.5684609130073,0,443106,165894,16470873763.9887,0,443106,1,100
GOA,2021,991,78403,giant octopus,Enteroctopus dofleini,196,6,4.46532702758379,9.51358901485417,0.696148895903864,0.123217072139618,576.2,158431.253310612,0,187055,90524,2051952752.83215,0,187055,1,100
GOA,2021,991,79000,squid unid.,Decapodiformes,196,9,0.124161765716913,0.003624475232613,3.84827127841761,2.54726704611951,16.8,60.3589405427853,1,921326,497046,42420027815.3091,72766,921326,1,100
GOA,2021,991,79210,magistrate armhook squid,Berryteuthis magister,196,11,9.73049716515899,11.9293955761917,45.5518361908741,325.722459320276,1255.5,198662.049561229,336,10686184,5879099,5424305946047.53,1072014,10686184,1,100
GOA,2021,992,150,shark unid.,Selachii,221,0,0,0,0,0,0,0,0,0,0,0,0,0,101,200
GOA,2021,992,232,salmon shark,Lamna ditropis,221,1,10.0984969428271,101.980430452519,0,0,1235.3,1525956.80762144,0,0,0,0,0,0,101,200
GOA,2021,992,310,spiny dogfish,Squalus suckleyi,221,34,73.2589225023004,485.047527675953,30.4156246696026,80.3661360879964,8961.3,7257878.53211389,3277,6033705,3719874,1202537113459.3,1406043,6033705,101,200
GOA,2021,992,320,Pacific sleeper shark,Somniosus pacificus,221,0,0,0,0,0,0,0,0,0,0,0,0,0,101,200
GOA,2021,992,400,skate unid.,Rajidae,221,0,0,0,0,0,0,0,0,0,0,0,0,0,101,200
GOA,2021,992,405,,Bathyraja sp.,221,0,0,0,0,0,0,0,0,0,0,0,0,0,101,200
GOA,2021,992,420,big skate,Beringraja binoculata,221,12,31.5536521442606,97.4671021866497,3.64208015220918,1.11863783085262,3859.5,1458422.83113426,1393,710252,446064,16738437028.3394,181876,710252,101,200
GOA,2021,992,435,Bering skate,Bathyraja interrupta,221,21,8.41807143142275,4.33653788731286,5.0135839849435,1.45923266947147,1030.4,64888.6210941653,510,914817,613079,21834836507.386,311341,914817,101,200
GOA,2021,992,440,longnose skate,Raja rhina,221,62,160.614681412945,656.243242065066,21.3832172292455,10.1990313010489,19645.9,9819519.66903097,13247,3413073,2615358,152610468262.594,1817643,3413073,101,200
GOA,2021,992,455,mud skate,Bathyraja taranetzi,221,0,0,0,0,0,0,0,0,0,0,0,0,0,101,200
GOA,2021,992,460,roughtail skate,Bathyraja trachura,221,0,0,0,0,0,0,0,0,0,0,0,0,0,101,200
GOA,2021,992,471,Alaska skate,Bathyraja parmifera,221,0,0,0,0,0,0,0,0,0,0,0,0,0,101,200
GOA,2021,992,472,Aleutian skate,Bathyraja aleutica,221,17,30.9680832487814,87.1937765187557,4.3415130187268,1.33469220838564,3786.6,1304700.67904809,1478,816936,531329,19971308734.705,245722,816936,101,200
GOA,2021,992,480,whiteblotched skate,Bathyraja maculata,221,2,1.67974998652966,1.80800377463796,0.253295632889393,0.031166733787451,205.6,27053.5793570571,0,76423,31375,466355058.350419,0,76423,101,200
GOA,2021,992,485,whitebrow skate,Bathyraja minispinosa,221,0,0,0,0,0,0,0,0,0,0,0,0,0,101,200
GOA,2021,992,710,spotted ratfish,Hydrolagus colliei,221,24,22.4486405900957,32.3768604710361,163.26123077241,3007.86551808968,2745.8,484462.464278281,1298,33925188,19970978,45007388607520.6,6016768,33925188,101,200
GOA,2021,992,10010,Pacific sanddab,Citharichthys sordidus,221,4,0.87620679977956,0.673955169237861,8.36230359941025,59.1533537035122,107.2,10084.5473388054,0,3118880,1022753,885125336076.516,0,3118880,101,200
GOA,2021,992,10020,speckled sanddab,Citharichthys stigmaeus,221,0,0,0,0,0,0,0,0,0,0,0,0,0,101,200
GOA,2021,992,10110,arrowtooth flounder,Atheresthes stomias,221,218,5217.34474923619,236601.290631304,9047.45245151844,646688.959176877,638208.6,3540319927.35073,517958,1305526964,1106722223,9676556720644900,907917482,1305526964,101,200
GOA,2021,992,10112,Kamchatka flounder,Atheresthes evermanni,221,0,0,0,0,0,0,0,0,0,0,0,0,0,101,200
GOA,2021,992,10115,Greenland turbot,Reinhardtius hippoglossoides,221,0,0,0,0,0,0,0,0,0,0,0,0,0,101,200
GOA,2021,992,10120,Pacific halibut,Hippoglossus stenolepis,221,167,552.894151484502,3939.42649453744,174.128640844174,871.549989927143,67632.5,58946551.3215551,51955,28673921,21299726,13041204419419.8,13925531,28673921,101,200
GOA,2021,992,10130,flathead sole,Hippoglossoides elassodon,221,150,619.209802862619,6730.26057607561,2114.17252221674,54538.4597712138,75743.9,100706448.262252,55463,316349015,258615175,816071608991882,200881335,316349015,101,200
GOA,2021,992,10150,slender sole,Lyopsetta exilis,221,40,8.21375481691948,6.76679246366471,102.798880547755,1535.45369737347,1005.4,101253.083359932,344,22545161,12575178,22975349406722.2,2605195,22545161,101,200
GOA,2021,992,10160,petrale sole,Eopsetta jordani,221,20,15.8404311706238,10.8555585828347,19.8848348793591,21.8255713824713,1937.3,162434.238083773,1097,3624154,2432062,326581081130.23,1239970,3624154,101,200
GOA,2021,992,10170,English sole,Parophrys vetulus,221,44,53.946170419188,297.448064797943,97.1658300127132,1213.48454917925,6599,4450784.30614758,2198,20774079,11885259,18157650448687.3,2996439,20774079,101,200
GOA,2021,992,10180,Dover sole,Microstomus pacificus,221,140,141.315301033142,453.476193245373,238.040925509079,854.918549533014,17285.3,6785469.34060271,11919,36485639,29117763,12792344323641.1,21749887,36485639,101,200
GOA,2021,992,10190,deepsea sole,Embassichthys bathybius,221,0,0,0,0,0,0,0,0,0,0,0,0,0,101,200
GOA,2021,992,10200,rex sole,Glyptocephalus zachirus,221,203,566.107027865905,3120.55275382024,2018.8877013158,44171.5051567064,69250.5,46693553.8230632,55584,298376828,246958992,660948465285645,195541156,298376828,101,200
GOA,2021,992,10210,yellowfin sole,Limanda aspera,221,0,0,0,0,0,0,0,0,0,0,0,0,0,101,200
GOA,2021,992,10220,starry flounder,Platichthys stellatus,221,1,5.50129593150548,30.261258806935,1.65489468081028,2.73809700574274,672.9,452806.226437107,0,627680,202412,40970779857.4783,0,627680,101,200
GOA,2021,992,10250,sand sole,Psettichthys melanostictus,221,0,0,0,0,0,0,0,0,0,0,0,0,0,101,200
GOA,2021,992,10261,northern rock sole,Lepidopsetta polyxystra,221,14,3.53895966319494,1.25699037985158,6.11804723099596,4.82060444197652,432.2,18808.6382724403,152,1295985,747558,72131821099.825,199131,1295985,101,200
GOA,2021,992,10262,southern rock sole,Lepidopsetta bilineata,221,66,82.5008666569891,188.183536086888,129.882500053608,569.578670111812,10090.6,2815833.84870847,6664,21850051,15888692,8522737600502.26,9927333,21850051,101,200
GOA,2021,992,10270,butter sole,Isopsetta isolepis,221,2,0.266516642496079,0.035724296051889,1.32953000200966,0.967251994665994,32.5,534.550918406303,0,415343,162583,14473215688.506,0,415343,101,200
GOA,2021,992,10285,Alaska plaice,Pleuronectes quadrituberculatus,221,1,4.54276782430348,20.6232790399209,1.74501270798312,3.05078092306522,555.5,308590.902262333,0,662552,213658,45649541754.7829,0,662552,101,200
GOA,2021,992,20202,sand lance unid.,Ammodytes sp.,221,0,0,0,0,0,0,0,0,0,0,0,0,0,101,200
GOA,2021,992,20510,sablefish,Anoplopoma fimbria,221,158,1084.66674352793,32286.9601123978,925.015730387773,20194.5835752675,132683.1,483117264.383919,88723,147918369,113151935,302176232704836,78385501,147918369,101,200
GOA,2021,992,21110,Pacific herring,Clupea pallasii,221,31,9.39412195806836,16.8176620468437,81.0796779354262,1218.70741675055,1149.4,251646.573512027,99,18856389,9918568,18235801426187.3,980747,18856389,101,200
GOA,2021,992,21200,grenadier unid.,Macrouridae,221,0,0,0,0,0,0,0,0,0,0,0,0,0,101,200
GOA,2021,992,21220,Pacific grenadier,Coryphaenoides acrolepis,221,0,0,0,0,0,0,0,0,0,0,0,0,0,101,200
GOA,2021,992,21230,giant grenadier,Albatrossia pectoralis,221,0,0,0,0,0,0,0,0,0,0,0,0,0,101,200
GOA,2021,992,21232,popeye grenadier,Coryphaenoides cinereus,221,0,0,0,0,0,0,0,0,0,0,0,0,0,101,200
GOA,2021,992,21300,sculpin unid.,Cottidae,221,8,0.111699725473164,0.002482603217186,2.6929944706239,0.924820560000847,14.1,37.1477671066735,2,570344,330131,13838304301.124,89918,570344,101,200
GOA,2021,992,21314,threaded sculpin,Gymnocanthus pistilliger,221,0,0,0,0,0,0,0,0,0,0,0,0,0,101,200
GOA,2021,992,21316,armorhead sculpin,Gymnocanthus galeatus,221,0,0,0,0,0,0,0,0,0,0,0,0,0,101,200
GOA,2021,992,21341,darkfin sculpin,Malacocottus zonurus,221,13,0.544786259088741,0.034894667325495,7.03593043406122,11.0011751917626,66.6,522.136991565423,20,1680789,860818,164613133139.521,40847,1680789,101,200
GOA,2021,992,21347,yellow Irish lord,Hemilepidotus jordani,221,12,5.87129099683547,8.73569890788646,9.65158719540974,24.6152286370157,717.8,130714.286639798,0,2439252,1180549,368323368935.972,0,2439252,101,200
GOA,2021,992,21348,butterfly sculpin,Hemilepidotus papilio,221,0,0,0,0,0,0,0,0,0,0,0,0,0,101,200
GOA,2021,992,21352,scissortail sculpin,Triglops forficata,221,1,0.008976776476502,0.00002664958429,0.26032651781855,0.066623960724576,0.6,0.398763903887247,0,99300,31574,996909759.718116,0,99300,101,200
GOA,2021,992,21354,spectacled sculpin,Triglops scepticus,221,0,0,0,0,0,0,0,0,0,0,0,0,0,101,200
GOA,2021,992,21368,shorthorn (=warty) sculpin,Myoxocephalus scorpius,221,0,0,0,0,0,0,0,0,0,0,0,0,0,101,200
GOA,2021,992,21370,great sculpin,Myoxocephalus polyacanthocephalus,221,4,2.52726399006497,1.95493687277803,0.759262698841438,0.146579643051187,309.7,29252.1733458924,0,190395,93498,2193305158.45215,0,190395,101,200
GOA,2021,992,21371,plain sculpin,Myoxocephalus jaok,221,0,0,0,0,0,0,0,0,0,0,0,0,0,101,200
GOA,2021,992,21380,Pacific staghorn sculpin,Leptocottus armatus,221,0,0,0,0,0,0,0,0,0,0,0,0,0,101,200
GOA,2021,992,21388,antlered sculpin,Enophrys diceraus,221,0,0,0,0,0,0,0,0,0,0,0,0,0,101,200
GOA,2021,992,21390,spinyhead sculpin,Dasycottus setiger,221,48,1.53229461321455,0.129171292581039,25.0539048847445,31.4980677130027,186.7,1932.8199772119,97,4467083,3065204,471312884641.688,1663325,4467083,101,200
GOA,2021,992,21397,crested sculpin,Blepsias bilobus,221,0,0,0,0,0,0,0,0,0,0,0,0,0,101,200
GOA,2021,992,21420,bigmouth sculpin,Hemitripterus bolini,221,13,12.747456863616,41.0435536776228,3.72284202608363,2.19959595202571,1560.7,614144.202622335,0,839875,455265,32913063831.1333,70655,839875,101,200
GOA,2021,992,21438,thorny sculpin,Icelus spiniger,221,1,0.017953552953004,0.000201329276656,0.251349741342048,0.064199386688781,1.7,3.01253661044105,0,97476,30994,960630296.696762,0,97476,101,200
GOA,2021,992,21592,Pacific sandfish,Trichodon trichodon,221,1,0.008976776476502,0.000114992817464,0.287256847248056,0.083997675284024,1.3,1.72066416917311,0,111498,35452,1256876675.80212,0,111498,101,200
GOA,2021,992,21710,Pacific tomcod,Microgadus proximus,221,0,0,0,0,0,0,0,0,0,0,0,0,0,101,200
GOA,2021,992,21720,Pacific cod,Gadus macrocephalus,221,152,604.095960869227,4248.31927370704,250.703725142437,886.896062088686,73894.9,63568585.5403498,57949,37952609,30666779,13270831252541.1,23380949,37952609,101,200
GOA,2021,992,21740,walleye pollock,Gadus chalcogrammus,221,190,1973.62336712294,285659.540025889,3738.01890244381,849239.000570813,241422.5,4274389878.82552,107919,687440912,457252528,12707359916685400,227064144,687440912,101,200
GOA,2021,992,21910,lingcod,Ophiodon elongatus,221,70,142.124767987002,657.299373860671,41.1863501393415,50.9546778993755,17385.6,9835322.81377254,10737,6889520,5038374,762446650555.292,3187228,6889520,101,200
GOA,2021,992,21921,Atka mackerel,Pleurogrammus monopterygius,221,9,5.26214352899284,7.3444983544733,4.4292791589412,4.61694358065401,643.7,109897.430446629,0,1090596,542314,69084396447.8393,0,1090596,101,200
GOA,2021,992,21935,kelp greenling,Hexagrammos decagrammus,221,3,0.542251422364695,0.136012966987991,0.515120490093345,0.161268828865555,67,2035.19353643785,0,163144,62687,2413102848.97364,0,163144,101,200
GOA,2021,992,22500,Pacific hake,Merluccius productus,221,3,0.354740808671285,0.041269933948445,0.715112423829416,0.172432612950579,43.4,617.531583062277,0,197180,87462,2580149136.65615,0,197180,101,200
GOA,2021,992,23000,smelt unid.,Osmeridae,221,3,0.169483937895605,0.02886242070155,88.0358981608305,7703.69984482092,21,431.875087784323,0,44932729,10769214,115272245566271,0,44932729,101,200
GOA,2021,992,23010,eulachon,Thaleichthys pacificus,221,101,198.989663118336,1117.17448204127,6801.21734372558,1309087.96208901,24341.1,16716540.6010475,16164,1111867771,831952166,19588186465393300,552036561,1111867771,101,200
GOA,2021,992,23041,Pacific capelin,Mallotus catervarius (=villosus),221,36,0.799947592583187,0.11964343092938,72.2043228953491,599.096349062385,97.2,1790.25237590929,7,15179047,8831632,8964417469276.51,2484217,15179047,101,200
GOA,2021,992,23220,chinook salmon,Oncorhynchus tshawytscha,221,19,11.4749808372072,14.5245095584823,5.05604130672691,1.89763297929933,1402.1,217333.601552585,432,968389,617894,28394721911.6416,267399,968389,101,200
GOA,2021,992,23235,chum salmon,Oncorhynchus keta,221,36,55.3266486249513,226.672782672258,22.3845161789577,40.8572615065807,6768.6,3391757.3625292,3047,4319624,2739418,611356669706.981,1159212,4319624,101,200
GOA,2021,992,23240,sockeye salmon,Oncorhynchus nerka,221,1,0.353280751135206,0.125904142701977,0.139979165544138,0.019211447555844,43.4,1883.93285664032,0,52323,16955,287465340.673877,0,52323,101,200
GOA,2021,992,23800,prickleback unid.,Stichaeidae,221,15,0.693556868333811,0.121403333747299,6.3591846252219,7.87196148093355,86.4,1816.58620950696,0,1502780,778616,117789983410.171,54452,1502780,101,200
GOA,2021,992,24001,prowfish,Zaprora silenus,221,12,1.22385427394554,0.313915274183015,2.14234237077806,0.417506617187654,150.6,4697.18697528886,10,423468,261832,6247248240.64286,100196,423468,101,200
GOA,2021,992,24191,shortfin eelpout,Lycodes brevipes,221,41,2.92834479258653,0.63657483433116,57.7233336512587,259.792356696421,358.8,9525.21672734451,159,11098033,7060130,3887333221774.31,3022227,11098033,101,200
GOA,2021,992,30020,shortspine thornyhead,Sebastolobus alascanus,221,36,41.3116845968342,151.360235348576,181.455342127515,2932.84634179385,5053.4,2264838.26856252,1923,35974807,22195712,43884859292211.7,8416617,35974807,101,200
GOA,2021,992,30030,longspine thornyhead,Sebastolobus altivelis,221,0,0,0,0,0,0,0,0,0,0,0,0,0,101,200
GOA,2021,992,30050,rougheye and blackspotted rockfish unid.,,221,0,0,0,0,0,0,0,0,0,0,0,0,0,101,200
GOA,2021,992,30051,rougheye rockfish,Sebastes aleutianus,221,53,51.8002037878185,229.647172380231,115.160788658252,754.595570340004,6335.1,3436263.84483429,2424,21176295,14086196,11291188343212.9,6996097,21176295,101,200
GOA,2021,992,30052,blackspotted rockfish,Sebastes melanostictus,221,24,7.48571768849603,6.27680343124313,15.1911498664014,22.8724657529021,916.4,93921.2639474646,297,3040224,1857903,342246004138.799,675582,3040224,101,200
GOA,2021,992,30060,Pacific ocean perch,Sebastes alutus,221,151,9205.19422265761,5565811.98730026,13953.5463918029,13026804.2851626,1126018.6,83282534249.7079,536724,2608400441,1706855497,194923090560509000,805310553,2608400441,101,200
GOA,2021,992,30100,silvergray rockfish,Sebastes brevispinis,221,24,288.657769633143,8082.76825389934,129.610266894746,1464.54878036064,35310.5,120944333.993636,12557,25539781,15854213,21914382706253.8,6168645,25539781,101,200
GOA,2021,992,30120,copper rockfish,Sebastes caurinus,221,0,0,0,0,0,0,0,0,0,0,0,0,0,101,200
GOA,2021,992,30151,dark rockfish,Sebastes ciliatus,221,2,9.41818556329398,85.8361979881975,6.02914306740831,34.7882057579608,1152,1284386.91697243,0,2253234,737389,520543982465.458,0,2253234,101,200
GOA,2021,992,30152,dusky rockfish,Sebastes variabilis,221,62,856.316789438277,188292.395171678,504.221516179832,59439.2078390945,104748.5,2817462732.41459,0,122577733,61679465,889402637733735,781197,122577733,101,200
GOA,2021,992,30170,darkblotched rockfish,Sebastes crameri,221,2,0.665266640544299,0.38586612064505,2.26585911813475,4.42015559301482,81.2,5773.80416042603,0,870106,277057,66139812197.0799,0,870106,101,200
GOA,2021,992,30190,splitnose rockfish,Sebastes diploproa,221,1,0.016434368157251,0.000340416999597,0.267058482555333,0.072197026024514,2.3,5.09373843256644,0,101924,32868,1080300826.96526,0,101924,101,200
GOA,2021,992,30200,greenstriped rockfish,Sebastes elongatus,221,7,3.67784533781349,4.56911703177625,9.83877315976061,28.7437676586645,449.8,68368.7567165572,0,2563388,1203218,430099654814.163,0,2563388,101,200
GOA,2021,992,30210,Puget Sound rockfish,Sebastes emphaeus,221,0,0,0,0,0,0,0,0,0,0,0,0,0,101,200
GOA,2021,992,30220,widow rockfish,Sebastes entomelas,221,2,0.169348869054125,0.018293683696319,0.330149782436095,0.06421626371217,20.8,273.732627416875,0,104523,40388,960882831.507791,0,104523,101,200
GOA,2021,992,30240,yellowtail rockfish,Sebastes flavidus,221,3,1.88434612442342,1.2944344275239,0.711941380668888,0.176409503904852,231,19368.9222327741,0,195181,87237,2639656277.36847,0,195181,101,200
GOA,2021,992,30270,rosethorn rockfish,Sebastes helvomaculatus,221,4,2.42269583516647,3.62207559713838,7.24775951242194,31.6284904745138,296.3,54197.9563201216,0,2419170,886435,473264430638.439,0,2419170,101,200
GOA,2021,992,30320,quillback rockfish,Sebastes maliger,221,1,0.139692129336636,0.018987823741769,0.098606208943508,0.009687665174372,16.9,284.119205734859,0,37336,12040,144958778.436153,0,37336,101,200
GOA,2021,992,30330,black rockfish,Sebastes melanops,221,1,0.027232626710792,0.000829054105849,0.236016098160194,0.053918711358551,3.5,12.4053286605406,0,89331,28404,806798169.910289,0,89331,101,200
GOA,2021,992,30350,vermilion rockfish,Sebastes miniatus,221,0,0,0,0,0,0,0,0,0,0,0,0,0,101,200
GOA,2021,992,30360,blue rockfish,Sebastes mystinus,221,0,0,0,0,0,0,0,0,0,0,0,0,0,101,200
GOA,2021,992,30380,tiger rockfish,Sebastes nigrocinctus,221,0,0,0,0,0,0,0,0,0,0,0,0,0,101,200
GOA,2021,992,30400,bocaccio,Sebastes paucispinis,221,1,0.49551097084243,0.24822355469193,0.366002421644977,0.132735876095668,60.9,3714.22655712853,0,140829,44566,1986157666.18171,0,140829,101,200
GOA,2021,992,30410,canary rockfish,Sebastes pinniger,221,6,1267.62859634279,1441625.80853494,645.078333403597,381266.574339626,155062,21571380968.0465,0,242056888,78909240,5704980083438040,0,242056888,101,200
GOA,2021,992,30420,northern rockfish,Sebastes polyspinis,221,43,407.29104055287,47274.6196673999,413.159205841777,51372.4897956914,49822.9,707381086.636721,0,109040113,50539494,768698466758257,0,109040113,101,200
GOA,2021,992,30430,redstripe rockfish,Sebastes proriger,221,11,14.1778993001137,37.0510911627288,38.6899932735354,304.658009979594,1733.9,554404.061040832,155,9259617,4733197,4558668386296.07,206777,9259617,101,200
GOA,2021,992,30470,yelloweye rockfish,Sebastes ruberrimus,221,13,31.6163264999644,503.838288373105,7.40373770085841,13.8368399038706,3866.7,7539049.0378567,0,1855469,906296,207043841191.768,0,1855469,101,200
GOA,2021,992,30475,redbanded rockfish,Sebastes babcocki,221,27,46.8047805755078,606.602586204615,29.0807316288591,183.81762566559,5724.7,9076735.03467588,0,6996678,3557022,2750505719583.28,117366,6996678,101,200
GOA,2021,992,30510,olive rockfish,Sebastes serranoides,221,0,0,0,0,0,0,0,0,0,0,0,0,0,101,200
GOA,2021,992,30535,harlequin rockfish,Sebastes variegatus,221,11,1.48933955872002,0.412061358587161,5.31805936268307,4.24609319060033,181.9,6165.76957464969,23,1159626,650209,63535276143.0866,140792,1159626,101,200
GOA,2021,992,30550,pygmy rockfish,Sebastes wilsoni,221,1,0.022523225947383,0.000639097976257,0.253386291908061,0.063909797625747,3.1,9.56297108454781,0,97720,30924,956297108.454781,0,97720,101,200
GOA,2021,992,30560,sharpchin rockfish,Sebastes zacentrus,221,13,39.4741408666598,319.537509123115,157.11471642071,4692.52165793956,4828.9,4781313.77925334,351,36378888,19217761,70215288728143.2,2056634,36378888,101,200
GOA,2021,992,30575,bank rockfish,Sebastes rufus,221,0,0,0,0,0,0,0,0,0,0,0,0,0,101,200
GOA,2021,992,30576,shortraker rockfish,Sebastes borealis,221,1,0.200717424157683,0.039497257710727,0.086021753210436,0.007201005824419,24.3,591.006617824814,0,32189,10380,107750318.475165,0,32189,101,200
GOA,2021,992,30600,yellowmouth rockfish,Sebastes reedi,221,0,0,0,0,0,0,0,0,0,0,0,0,0,101,200
GOA,2021,992,66000,shrimp unid.,,221,111,19.1702290401214,21.1028773182425,4550.81736940977,1637798.61960938,2346.1,315767.242413879,1174,883230997,556675308,24506760189343800,230119619,883230997,101,200
GOA,2021,992,66031,Alaskan pink shrimp,Pandalus eous,221,61,15.6734756079392,23.8212304710232,2413.54824174862,348848.577576357,1917.1,356442.590425244,690,443780582,295236864,5219902087288660,146693146,443780582,101,200
GOA,2021,992,66120,sidestripe shrimp,Pandalopsis dispar,221,63,9.36402742631106,3.46305243382198,703.270996082389,27115.9041456042,1145.1,51818.4558850343,680,127158355,86026293,405741555925872,44894231,127158355,101,200
GOA,2021,992,78010,octopus unid.,Octopodidae,221,3,0.023854484042822,0.000330923696209,0.505203148983764,0.098189999340375,2.7,4.95168793455672,0,143793,62110,1469239708.7258,0,143793,101,200
GOA,2021,992,78403,giant octopus,Enteroctopus dofleini,221,6,3.11038706711796,3.73219966549695,0.662320135782682,0.102255454410084,380.9,55845.768268444,0,164966,81062,1530072054.81587,0,164966,101,200
GOA,2021,992,79000,squid unid.,Decapodiformes,221,13,0.095397287778227,0.00281433418972,3.37810108015424,0.900330139159206,11.9,42.1115345039071,0,712689,414277,13471848460.1456,115865,712689,101,200
GOA,2021,992,79210,magistrate armhook squid,Berryteuthis magister,221,20,9.25921255753222,16.1841401267786,73.6346293997262,1556.61705626169,1132.6,242167.038248143,128,18861862,9006801,23292021648880,0,18861862,101,200
GOA,2021,993,150,shark unid.,Selachii,74,0,0,0,0,0,0,0,0,0,0,0,0,0,201,300
GOA,2021,993,232,salmon shark,Lamna ditropis,74,0,0,0,0,0,0,0,0,0,0,0,0,0,201,300
GOA,2021,993,310,spiny dogfish,Squalus suckleyi,74,7,16.6452320019557,59.4742460116006,7.12679289672997,10.7279977413703,599.8,77278.8230720543,18,504478,257366,13939597304.202,10254,504478,201,300
GOA,2021,993,320,Pacific sleeper shark,Somniosus pacificus,74,0,0,0,0,0,0,0,0,0,0,0,0,0,201,300
GOA,2021,993,400,skate unid.,Rajidae,74,1,0.015468529981728,0.000273188940514,0.255230744698505,0.066696518680169,0.6,0.354972466487484,0,29799,9309,86663199.8260458,0,29799,201,300
GOA,2021,993,405,,Bathyraja sp.,74,0,0,0,0,0,0,0,0,0,0,0,0,0,201,300
GOA,2021,993,420,big skate,Beringraja binoculata,74,0,0,0,0,0,0,0,0,0,0,0,0,0,201,300
GOA,2021,993,435,Bering skate,Bathyraja interrupta,74,8,12.1443545379799,17.3871749979407,6.42991324980951,4.55146964679377,438,22592.3069310811,119,395244,232210,5914025668.92223,69176,395244,201,300
GOA,2021,993,440,longnose skate,Raja rhina,74,25,202.813665769664,1949.93427934334,29.79611601299,30.170948277289,7310.6,2533678.63034558,3872,1501366,1073691,39203109416.1654,646016,1501366,201,300
GOA,2021,993,455,mud skate,Bathyraja taranetzi,74,0,0,0,0,0,0,0,0,0,0,0,0,0,201,300
GOA,2021,993,460,roughtail skate,Bathyraja trachura,74,0,0,0,0,0,0,0,0,0,0,0,0,0,201,300
GOA,2021,993,471,Alaska skate,Bathyraja parmifera,74,0,0,0,0,0,0,0,0,0,0,0,0,0,201,300
GOA,2021,993,472,Aleutian skate,Bathyraja aleutica,74,9,75.5692573849017,2217.96044728272,15.560632406464,41.7922751130259,2723.7,2881942.76482199,0,1079686,560493,54303468321.5353,41300,1079686,201,300
GOA,2021,993,480,whiteblotched skate,Bathyraja maculata,74,2,9.94626477825085,60.2850783905952,1.66286697303572,1.33658979971199,358.6,78332.3912323836,0,151763,60039,1736719564.82993,0,151763,201,300
GOA,2021,993,485,whitebrow skate,Bathyraja minispinosa,74,0,0,0,0,0,0,0,0,0,0,0,0,0,201,300
GOA,2021,993,710,spotted ratfish,Hydrolagus colliei,74,13,35.9978933840364,642.930376529841,161.953117853546,6465.35107496215,1297.7,835401.978964268,0,12295511,5837824,8400858444229.15,0,12295511,201,300
GOA,2021,993,10010,Pacific sanddab,Citharichthys sordidus,74,0,0,0,0,0,0,0,0,0,0,0,0,0,201,300
GOA,2021,993,10020,speckled sanddab,Citharichthys stigmaeus,74,0,0,0,0,0,0,0,0,0,0,0,0,0,201,300
GOA,2021,993,10110,arrowtooth flounder,Atheresthes stomias,74,73,2094.90725419637,80382.2386763256,3340.98784701977,350742.174361892,75514.9,104445961.359338,53440,166544458,120432504,455742514686666,74320550,166544458,201,300
GOA,2021,993,10112,Kamchatka flounder,Atheresthes evermanni,74,1,0.177888094789867,0.031387114904813,0.255230744698505,0.066696518680169,6.4,40.7833551853379,0,29799,9309,86663199.8260458,0,29799,201,300
GOA,2021,993,10115,Greenland turbot,Reinhardtius hippoglossoides,74,0,0,0,0,0,0,0,0,0,0,0,0,0,201,300
GOA,2021,993,10120,Pacific halibut,Hippoglossus stenolepis,74,35,293.178142042985,3775.58162604479,39.3409496430771,35.5726316024029,10567.5,4905863.02542287,5633,1897506,1418502,46221873973.3709,939498,1897506,201,300
GOA,2021,993,10130,flathead sole,Hippoglossoides elassodon,74,36,126.628266381614,1183.01232183058,283.039609418576,3655.44769101203,4565.4,1537166.18606604,2000,14711969,10202800,4749765054739.29,5693631,14711969,201,300
GOA,2021,993,10150,slender sole,Lyopsetta exilis,74,36,13.0400815336274,6.69589547713303,129.286720365308,613.363678205268,470.7,8700.42004038861,273,6552384,4659776,796984011493.039,2767168,6552384,201,300
GOA,2021,993,10160,petrale sole,Eopsetta jordani,74,4,3.80534576486594,3.41143813898902,3.90338239077606,3.62977958349307,137.2,4432.70729842912,0,293962,140952,4716412784.25964,0,293962,201,300
GOA,2021,993,10170,English sole,Parophrys vetulus,74,1,0.409629130770892,0.167162584388493,0.342107845478987,0.116085128047565,14.7,217.205406533544,0,42335,12282,150837087.870517,0,42335,201,300
GOA,2021,993,10180,Dover sole,Microstomus pacificus,74,58,329.070195780909,4081.14772945502,479.22855649676,10949.5230742825,11862.5,5302905.28195941,6888,25422061,17274697,14227439826909.3,9127333,25422061,201,300
GOA,2021,993,10190,deepsea sole,Embassichthys bathybius,74,0,0,0,0,0,0,0,0,0,0,0,0,0,201,300
GOA,2021,993,10200,rex sole,Glyptocephalus zachirus,74,73,471.623383482692,3771.64730178727,1727.98580408227,42115.8997313337,16999.9,4900750.89759285,12329,77897032,62288169,54723975201354.9,46679306,77897032,201,300
GOA,2021,993,10210,yellowfin sole,Limanda aspera,74,0,0,0,0,0,0,0,0,0,0,0,0,0,201,300
GOA,2021,993,10220,starry flounder,Platichthys stellatus,74,0,0,0,0,0,0,0,0,0,0,0,0,0,201,300
GOA,2021,993,10250,sand sole,Psettichthys melanostictus,74,0,0,0,0,0,0,0,0,0,0,0,0,0,201,300
GOA,2021,993,10261,northern rock sole,Lepidopsetta polyxystra,74,1,0.146951034826412,0.021669698919187,0.255230744698505,0.066696518680169,5.3,28.1568736234823,0,29799,9309,86663199.8260458,0,29799,201,300
GOA,2021,993,10262,southern rock sole,Lepidopsetta bilineata,74,0,0,0,0,0,0,0,0,0,0,0,0,0,201,300
GOA,2021,993,10270,butter sole,Isopsetta isolepis,74,0,0,0,0,0,0,0,0,0,0,0,0,0,201,300
GOA,2021,993,10285,Alaska plaice,Pleuronectes quadrituberculatus,74,0,0,0,0,0,0,0,0,0,0,0,0,0,201,300
GOA,2021,993,20202,sand lance unid.,Ammodytes sp.,74,0,0,0,0,0,0,0,0,0,0,0,0,0,201,300
GOA,2021,993,20510,sablefish,Anoplopoma fimbria,74,74,3218.08673343168,338641.106166468,2430.16524190743,239106.734908086,116001.7,440018796.089634,71301,125161013,87599322,310687201628322,50037631,125161013,201,300
GOA,2021,993,21110,Pacific herring,Clupea pallasii,74,7,6.51821897980072,12.9276656480509,46.3955300706677,674.175276313958,234.9,16797.7713606582,0,3638831,1672402,876000544633.345,0,3638831,201,300
GOA,2021,993,21200,grenadier unid.,Macrouridae,74,0,0,0,0,0,0,0,0,0,0,0,0,0,201,300
GOA,2021,993,21220,Pacific grenadier,Coryphaenoides acrolepis,74,0,0,0,0,0,0,0,0,0,0,0,0,0,201,300
GOA,2021,993,21230,giant grenadier,Albatrossia pectoralis,74,2,26.2045334552196,554.113615582827,9.46407279419194,70.9900041614663,944.2,719996.484732051,0,1002875,341083,92242009598.7142,0,1002875,201,300
GOA,2021,993,21232,popeye grenadier,Coryphaenoides cinereus,74,0,0,0,0,0,0,0,0,0,0,0,0,0,201,300
GOA,2021,993,21300,sculpin unid.,Cottidae,74,0,0,0,0,0,0,0,0,0,0,0,0,0,201,300
GOA,2021,993,21314,threaded sculpin,Gymnocanthus pistilliger,74,0,0,0,0,0,0,0,0,0,0,0,0,0,201,300
GOA,2021,993,21316,armorhead sculpin,Gymnocanthus galeatus,74,0,0,0,0,0,0,0,0,0,0,0,0,0,201,300
GOA,2021,993,21341,darkfin sculpin,Malacocottus zonurus,74,25,5.41483576509398,1.25558389826261,48.4713563191682,212.780394458595,195.4,1631.46323716371,112,2832653,1747374,276479645548.771,662095,2832653,201,300
GOA,2021,993,21347,yellow Irish lord,Hemilepidotus jordani,74,1,0.472448909501397,0.217402005026692,1.11164449294446,1.23243767021934,16.8,282.484809957752,0,130536,40017,1601387811.55188,0,130536,201,300
GOA,2021,993,21348,butterfly sculpin,Hemilepidotus papilio,74,0,0,0,0,0,0,0,0,0,0,0,0,0,201,300
GOA,2021,993,21352,scissortail sculpin,Triglops forficata,74,0,0,0,0,0,0,0,0,0,0,0,0,0,201,300
GOA,2021,993,21354,spectacled sculpin,Triglops scepticus,74,2,0.208825154753323,0.032659931640409,0.951314593876248,0.900307105717304,7.6,42.437210188293,0,109483,34203,1169828593.0295,0,109483,201,300
GOA,2021,993,21368,shorthorn (=warty) sculpin,Myoxocephalus scorpius,74,0,0,0,0,0,0,0,0,0,0,0,0,0,201,300
GOA,2021,993,21370,great sculpin,Myoxocephalus polyacanthocephalus,74,0,0,0,0,0,0,0,0,0,0,0,0,0,201,300
GOA,2021,993,21371,plain sculpin,Myoxocephalus jaok,74,0,0,0,0,0,0,0,0,0,0,0,0,0,201,300
GOA,2021,993,21380,Pacific staghorn sculpin,Leptocottus armatus,74,0,0,0,0,0,0,0,0,0,0,0,0,0,201,300
GOA,2021,993,21388,antlered sculpin,Enophrys diceraus,74,0,0,0,0,0,0,0,0,0,0,0,0,0,201,300
GOA,2021,993,21390,spinyhead sculpin,Dasycottus setiger,74,4,0.566089621131153,0.080520709613715,8.69310823602768,22.4700388653208,20.5,104.625885810487,0,787724,313387,29196808271.5434,0,787724,201,300
GOA,2021,993,21397,crested sculpin,Blepsias bilobus,74,0,0,0,0,0,0,0,0,0,0,0,0,0,201,300
GOA,2021,993,21420,bigmouth sculpin,Hemitripterus bolini,74,11,27.7194298360888,151.717107499092,5.93402823147137,4.39933156945941,999.6,197136.076431121,10,383036,214585,5716342598.52985,46134,383036,201,300
GOA,2021,993,21438,thorny sculpin,Icelus spiniger,74,0,0,0,0,0,0,0,0,0,0,0,0,0,201,300
GOA,2021,993,21592,Pacific sandfish,Trichodon trichodon,74,0,0,0,0,0,0,0,0,0,0,0,0,0,201,300
GOA,2021,993,21710,Pacific tomcod,Microgadus proximus,74,0,0,0,0,0,0,0,0,0,0,0,0,0,201,300
GOA,2021,993,21720,Pacific cod,Gadus macrocephalus,74,16,83.3773448387346,787.292365130216,35.953766533889,164.059418866224,3006,1022981.06274454,922,2246983,1295867,213173258243.476,344751,2246983,201,300
GOA,2021,993,21740,walleye pollock,Gadus chalcogrammus,74,74,3454.86205201682,746221.970056443,5585.55870294947,1448307.1767318,124535.9,969615580.922598,57276,295043088,201340870,1881881344789350,107638652,295043088,201,300
GOA,2021,993,21910,lingcod,Ophiodon elongatus,74,15,46.6887611639139,213.485879761999,10.9044746981431,9.46976713566244,1683.1,277396.32928329,608,619939,393427,12304695024.9301,166915,619939,201,300
GOA,2021,993,21921,Atka mackerel,Pleurogrammus monopterygius,74,1,0.296786792430113,0.088816137754697,0.317985849032264,0.100516226521839,10.7,115.404684477204,0,38456,11428,130607383.971485,0,38456,201,300
GOA,2021,993,21935,kelp greenling,Hexagrammos decagrammus,74,0,0,0,0,0,0,0,0,0,0,0,0,0,201,300
GOA,2021,993,22500,Pacific hake,Merluccius productus,74,2,2.87937351418528,5.59138247422996,2.33988982964942,3.03064673687004,104,7265.25321346522,0,228699,83991,3937919833.85206,0,228699,201,300
GOA,2021,993,23000,smelt unid.,Osmeridae,74,0,0,0,0,0,0,0,0,0,0,0,0,0,201,300
GOA,2021,993,23010,eulachon,Thaleichthys pacificus,74,36,219.029403478075,2195.70017451542,5752.35620161245,1502816.3456265,7894.9,2853018.51952119,4214,303641906,207353064,1952708714639420,111064222,303641906,201,300
GOA,2021,993,23041,Pacific capelin,Mallotus catervarius (=villosus),74,9,0.337360146090399,0.024586165373717,31.8220107226393,197.4131338298,12.1,31.9464314615295,0,2240654,1146679,256511947009.084,52704,2240654,201,300
GOA,2021,993,23220,chinook salmon,Oncorhynchus tshawytscha,74,0,0,0,0,0,0,0,0,0,0,0,0,0,201,300
GOA,2021,993,23235,chum salmon,Oncorhynchus keta,74,2,2.91157245310683,5.69279799488308,1.15119217775197,0.88937461839477,104.8,7397.02910980503,0,117194,41454,1155623288.88204,0,117194,201,300
GOA,2021,993,23240,sockeye salmon,Oncorhynchus nerka,74,0,0,0,0,0,0,0,0,0,0,0,0,0,201,300
GOA,2021,993,23800,prickleback unid.,Stichaeidae,74,5,7.97217935655841,17.1521249022701,57.0488192657296,1264.30041336261,287.6,22286.8907892294,0,4911767,2056110,1642789181978.31,0,4911767,201,300
GOA,2021,993,24001,prowfish,Zaprora silenus,74,7,3.02471240242039,3.93054791756479,3.26709972684895,1.42204409889953,108.9,5107.22098164093,0,209904,117700,1847755990.01424,25496,209904,201,300
GOA,2021,993,24191,shortfin eelpout,Lycodes brevipes,74,10,0.974597978701087,0.111164256958491,15.997396706419,46.3869975140041,35.4,144.443074465475,10,1097471,576996,60273695155.8719,56521,1097471,201,300
GOA,2021,993,30020,shortspine thornyhead,Sebastolobus alascanus,74,60,608.688709744537,6605.54823094638,2471.56440466348,87773.4568521307,21941.9,8583025.88541699,15699,111849456,89091627,114049860189490,66333798,111849456,201,300
GOA,2021,993,30030,longspine thornyhead,Sebastolobus altivelis,74,0,0,0,0,0,0,0,0,0,0,0,0,0,201,300
GOA,2021,993,30050,rougheye and blackspotted rockfish unid.,,74,0,0,0,0,0,0,0,0,0,0,0,0,0,201,300
GOA,2021,993,30051,rougheye rockfish,Sebastes aleutianus,74,35,102.369876903093,536.412122731124,140.017581207523,653.300121701094,3690.4,696995.763816124,1871,7055152,5047542,848876074999.638,3039932,7055152,201,300
GOA,2021,993,30052,blackspotted rockfish,Sebastes melanostictus,74,25,48.1184964169557,263.408928595542,88.514784570425,1055.12178635492,1734.3,342264.649888354,505,5651034,3190989,1370989551196.45,730944,5651034,201,300
GOA,2021,993,30060,Pacific ocean perch,Sebastes alutus,74,66,7877.15513762666,5709473.02964145,12678.8542941408,15488219.2262312,283945.5,7418696085.80269,100399,759338611,457030381,20124868048796200,154722151,759338611,201,300
GOA,2021,993,30100,silvergray rockfish,Sebastes brevispinis,74,19,186.006444960515,4146.96717776102,92.7006692536425,1185.79604263621,6705,5388428.84621524,1596,6073418,3341354,1540783258699.09,609290,6073418,201,300
GOA,2021,993,30120,copper rockfish,Sebastes caurinus,74,0,0,0,0,0,0,0,0,0,0,0,0,0,201,300
GOA,2021,993,30151,dark rockfish,Sebastes ciliatus,74,0,0,0,0,0,0,0,0,0,0,0,0,0,201,300
GOA,2021,993,30152,dusky rockfish,Sebastes variabilis,74,19,30.1024851413674,113.064493957305,19.9147235274264,43.4930792613484,1085.1,146912.178130912,302,1203467,718031,56513435688.4657,232595,1203467,201,300
GOA,2021,993,30170,darkblotched rockfish,Sebastes crameri,74,4,8.98797191877808,32.5435902398559,13.5088359046906,67.5626863026413,324.2,42286.0401085995,0,1132380,486761,87788668729.5897,0,1132380,201,300
GOA,2021,993,30190,splitnose rockfish,Sebastes diploproa,74,5,4.73517048235343,6.65576704964473,25.791438350483,191.242018081132,170.5,8648.2785193776,0,2040119,929481,248493407992.961,0,2040119,201,300
GOA,2021,993,30200,greenstriped rockfish,Sebastes elongatus,74,3,6.73322082934476,30.5946326420468,23.9160438333339,385.636050568625,242.8,39753.6305451954,0,2439309,862171,501082436863.272,0,2439309,201,300
GOA,2021,993,30210,Puget Sound rockfish,Sebastes emphaeus,74,0,0,0,0,0,0,0,0,0,0,0,0,0,201,300
GOA,2021,993,30220,widow rockfish,Sebastes entomelas,74,2,5.10783918437854,18.3725354894291,2.13731093773242,3.09111096555003,184.4,23872.6510159657,0,223222,77078,4016485006.90928,0,223222,201,300
GOA,2021,993,30240,yellowtail rockfish,Sebastes flavidus,74,0,0,0,0,0,0,0,0,0,0,0,0,0,201,300
GOA,2021,993,30270,rosethorn rockfish,Sebastes helvomaculatus,74,7,12.0223165507255,38.5302119376842,42.9653312387185,395.189070731728,433.6,50064.8537970581,0,3048529,1548715,513495308055.354,48901,3048529,201,300
GOA,2021,993,30320,quillback rockfish,Sebastes maliger,74,0,0,0,0,0,0,0,0,0,0,0,0,0,201,300
GOA,2021,993,30330,black rockfish,Sebastes melanops,74,0,0,0,0,0,0,0,0,0,0,0,0,0,201,300
GOA,2021,993,30350,vermilion rockfish,Sebastes miniatus,74,0,0,0,0,0,0,0,0,0,0,0,0,0,201,300
GOA,2021,993,30360,blue rockfish,Sebastes mystinus,74,0,0,0,0,0,0,0,0,0,0,0,0,0,201,300
GOA,2021,993,30380,tiger rockfish,Sebastes nigrocinctus,74,0,0,0,0,0,0,0,0,0,0,0,0,0,201,300
GOA,2021,993,30400,bocaccio,Sebastes paucispinis,74,0,0,0,0,0,0,0,0,0,0,0,0,0,201,300
GOA,2021,993,30410,canary rockfish,Sebastes pinniger,74,0,0,0,0,0,0,0,0,0,0,0,0,0,201,300
GOA,2021,993,30420,northern rockfish,Sebastes polyspinis,74,4,1.86934991203916,1.25908033731479,2.4283080025973,1.88712676116074,67.5,1636.00639177289,0,191574,87536,2452068666.1893,0,191574,201,300
GOA,2021,993,30430,redstripe rockfish,Sebastes proriger,74,8,27.3565381173911,307.09167702264,53.4190254331587,1260.82020034315,986.2,399024.535273707,0,4742789,1925623,1638267110927.07,0,4742789,201,300
GOA,2021,993,30470,yelloweye rockfish,Sebastes ruberrimus,74,1,0.852217646863978,0.724482942680378,0.471373130683006,0.223605846506289,30.7,941.368624247843,0,71283,17045,290545871.681433,0,71283,201,300
GOA,2021,993,30475,redbanded rockfish,Sebastes babcocki,74,33,55.9408786990395,226.021606147576,65.7658928847955,164.31508183058,2017.2,293684.828026792,810,3399773,2370289,213505458049.502,1340805,3399773,201,300
GOA,2021,993,30510,olive rockfish,Sebastes serranoides,74,0,0,0,0,0,0,0,0,0,0,0,0,0,201,300
GOA,2021,993,30535,harlequin rockfish,Sebastes variegatus,74,8,2.4288769752767,1.63428265326791,7.5180392519464,14.7491723711302,87.6,2123.53158688189,0,563127,271027,19164575569.4908,0,563127,201,300
GOA,2021,993,30550,pygmy rockfish,Sebastes wilsoni,74,0,0,0,0,0,0,0,0,0,0,0,0,0,201,300
GOA,2021,993,30560,sharpchin rockfish,Sebastes zacentrus,74,12,99.5461155829925,4269.90943985632,335.207873539791,48569.5103915403,3588.2,5548175.86206958,0,31522664,12083320,63109578547864.9,0,31522664,201,300
GOA,2021,993,30575,bank rockfish,Sebastes rufus,74,0,0,0,0,0,0,0,0,0,0,0,0,0,201,300
GOA,2021,993,30576,shortraker rockfish,Sebastes borealis,74,17,157.11551214005,3624.50151099885,28.5247861677963,96.1393985378382,5663.6,4709554.63543397,1063,1777579,1028285,124920281770.536,278991,1777579,201,300
GOA,2021,993,30600,yellowmouth rockfish,Sebastes reedi,74,1,46.0286866722583,2118.29615823106,27.7043669130303,767.79877286485,1659,2752442.35957562,0,3224208,998825,997651748482.693,0,3224208,201,300
GOA,2021,993,66000,shrimp unid.,,74,46,18.1085388790692,25.3262621323228,4772.48179240542,1266268.48576627,653.1,32908.0881499277,276,256402895,172032125,1645346428673730,87661355,256402895,201,300
GOA,2021,993,66031,Alaskan pink shrimp,Pandalus eous,74,14,2.39401261507218,0.502760317577909,629.919068358005,46030.9136020854,86.7,653.269746743402,32,39187287,22706649,59811011768131.3,6226011,39187287,201,300
GOA,2021,993,66120,sidestripe shrimp,Pandalopsis dispar,74,52,29.6554612372243,48.4754086622617,1579.01382974851,58178.2690359605,1069.1,62987.3059445892,510,76289391,56917975,75594874436767.5,37546559,76289391,201,300
GOA,2021,993,78010,octopus unid.,Octopodidae,74,0,0,0,0,0,0,0,0,0,0,0,0,0,201,300
GOA,2021,993,78403,giant octopus,Enteroctopus dofleini,74,3,0.273004821353797,0.031940723161105,0.88244346046223,0.348156814029903,9.8,41.5026950233057,0,79213,31825,452383184.941918,0,79213,201,300
GOA,2021,993,79000,squid unid.,Decapodiformes,74,4,0.072541469928944,0.00314811439742,2.06040735410005,2.13204801727077,3,4.09055333768046,0,193494,74436,2770311059.94442,0,193494,201,300
GOA,2021,993,79210,magistrate armhook squid,Berryteuthis magister,74,42,108.140839086561,1513.84819757036,309.326164467881,23941.7648355199,3898.2,1967043.12981402,842,23304169,11150677,31109119204234.9,0,23304169,201,300
GOA,2021,994,150,shark unid.,Selachii,28,0,0,0,0,0,0,0,0,0,0,0,0,0,301,500
GOA,2021,994,232,salmon shark,Lamna ditropis,28,0,0,0,0,0,0,0,0,0,0,0,0,0,301,500
GOA,2021,994,310,spiny dogfish,Squalus suckleyi,28,0,0,0,0,0,0,0,0,0,0,0,0,0,301,500
GOA,2021,994,320,Pacific sleeper shark,Somniosus pacificus,28,0,0,0,0,0,0,0,0,0,0,0,0,0,301,500
GOA,2021,994,400,skate unid.,Rajidae,28,0,0,0,0,0,0,0,0,0,0,0,0,0,301,500
GOA,2021,994,405,,Bathyraja sp.,28,0,0,0,0,0,0,0,0,0,0,0,0,0,301,500
GOA,2021,994,420,big skate,Beringraja binoculata,28,0,0,0,0,0,0,0,0,0,0,0,0,0,301,500
GOA,2021,994,435,Bering skate,Bathyraja interrupta,28,2,2.36178642672362,2.00027139496596,2.36782680121652,1.86463570487447,30.2,327.294007569673,0,78739,30250,305100644.863369,0,78739,301,500
GOA,2021,994,440,longnose skate,Raja rhina,28,5,34.9650677620946,438.016264711433,11.6471922061923,43.2749317652556,447.2,71670.3238465014,0,343059,149014,7080852068.57426,0,343059,301,500
GOA,2021,994,455,mud skate,Bathyraja taranetzi,28,0,0,0,0,0,0,0,0,0,0,0,0,0,301,500
GOA,2021,994,460,roughtail skate,Bathyraja trachura,28,0,0,0,0,0,0,0,0,0,0,0,0,0,301,500
GOA,2021,994,471,Alaska skate,Bathyraja parmifera,28,0,0,0,0,0,0,0,0,0,0,0,0,0,301,500
GOA,2021,994,472,Aleutian skate,Bathyraja aleutica,28,2,31.3033471285941,489.927782781402,6.73255100166977,24.6199965000999,400.3,80164.3356245556,0,232409,86047,4028442010.99329,0,232409,301,500
GOA,2021,994,480,whiteblotched skate,Bathyraja maculata,28,0,0,0,0,0,0,0,0,0,0,0,0,0,301,500
GOA,2021,994,485,whitebrow skate,Bathyraja minispinosa,28,0,0,0,0,0,0,0,0,0,0,0,0,0,301,500
GOA,2021,994,710,spotted ratfish,Hydrolagus colliei,28,3,11.6983061762997,75.1875799119805,13.4947647090968,74.355217107315,149.8,12302.5527489863,0,478729,172533,12166357551.2864,0,478729,301,500
GOA,2021,994,10010,Pacific sanddab,Citharichthys sordidus,28,0,0,0,0,0,0,0,0,0,0,0,0,0,301,500
GOA,2021,994,10020,speckled sanddab,Citharichthys stigmaeus,28,0,0,0,0,0,0,0,0,0,0,0,0,0,301,500
GOA,2021,994,10110,arrowtooth flounder,Atheresthes stomias,28,28,1030.45353741376,59436.0287983015,953.186610883666,54522.279336425,13181,9725208.34341763,6233,18847048,12192374,8921197068938.42,5537700,18847048,301,500
GOA,2021,994,10112,Kamchatka flounder,Atheresthes evermanni,28,0,0,0,0,0,0,0,0,0,0,0,0,0,301,500
GOA,2021,994,10115,Greenland turbot,Reinhardtius hippoglossoides,28,0,0,0,0,0,0,0,0,0,0,0,0,0,301,500
GOA,2021,994,10120,Pacific halibut,Hippoglossus stenolepis,28,2,20.0776787891358,151.743410483869,1.7830975834046,1.19046885020441,256.8,24828.9852389759,0,58667,22784,194790227.891498,0,58667,301,500
GOA,2021,994,10130,flathead sole,Hippoglossoides elassodon,28,1,0.554042323585862,0.299641635818448,1.80063755165405,3.24231340696901,7,49.0288028257391,0,86973,23033,530522883.761893,0,86973,301,500
GOA,2021,994,10150,slender sole,Lyopsetta exilis,28,5,1.92546397864034,0.772606400195861,16.4046465916554,54.6625564270518,24.6,126.417567951265,0,441308,209887,8944149879.88049,0,441308,301,500
GOA,2021,994,10160,petrale sole,Eopsetta jordani,28,0,0,0,0,0,0,0,0,0,0,0,0,0,301,500
GOA,2021,994,10170,English sole,Parophrys vetulus,28,0,0,0,0,0,0,0,0,0,0,0,0,0,301,500
GOA,2021,994,10180,Dover sole,Microstomus pacificus,28,23,339.097931101768,8388.20596596332,456.124285071341,17947.2338095358,4337.9,1372518.52615064,1086,10591170,5834064,2936612548225.17,1076958,10591170,301,500
GOA,2021,994,10190,deepsea sole,Embassichthys bathybius,28,0,0,0,0,0,0,0,0,0,0,0,0,0,301,500
GOA,2021,994,10200,rex sole,Glyptocephalus zachirus,28,23,201.740398876105,2536.90939807274,768.799404147615,32719.7727859553,2581.3,415101.293667463,1096,15170662,9834991,5353766288332.42,4499320,15170662,301,500
GOA,2021,994,10210,yellowfin sole,Limanda aspera,28,0,0,0,0,0,0,0,0,0,0,0,0,0,301,500
GOA,2021,994,10220,starry flounder,Platichthys stellatus,28,0,0,0,0,0,0,0,0,0,0,0,0,0,301,500
GOA,2021,994,10250,sand sole,Psettichthys melanostictus,28,0,0,0,0,0,0,0,0,0,0,0,0,0,301,500
GOA,2021,994,10261,northern rock sole,Lepidopsetta polyxystra,28,0,0,0,0,0,0,0,0,0,0,0,0,0,301,500
GOA,2021,994,10262,southern rock sole,Lepidopsetta bilineata,28,0,0,0,0,0,0,0,0,0,0,0,0,0,301,500
GOA,2021,994,10270,butter sole,Isopsetta isolepis,28,0,0,0,0,0,0,0,0,0,0,0,0,0,301,500
GOA,2021,994,10285,Alaska plaice,Pleuronectes quadrituberculatus,28,0,0,0,0,0,0,0,0,0,0,0,0,0,301,500
GOA,2021,994,20202,sand lance unid.,Ammodytes sp.,28,0,0,0,0,0,0,0,0,0,0,0,0,0,301,500
GOA,2021,994,20510,sablefish,Anoplopoma fimbria,28,26,3000.24685820552,168305.322726457,1628.45231633031,46925.4516984984,38377.1,27538924.8224422,26942,26868029,20830127,7678167663683.47,14792225,26868029,301,500
GOA,2021,994,21110,Pacific herring,Clupea pallasii,28,1,0.071323903336184,0.005370528750896,0.867774157256904,0.761129358120146,0.9,0.87875169443131,0,39852,11160,124539639.233462,0,39852,301,500
GOA,2021,994,21200,grenadier unid.,Macrouridae,28,0,0,0,0,0,0,0,0,0,0,0,0,0,301,500
GOA,2021,994,21220,Pacific grenadier,Coryphaenoides acrolepis,28,0,0,0,0,0,0,0,0,0,0,0,0,0,301,500
GOA,2021,994,21230,giant grenadier,Albatrossia pectoralis,28,13,7526.63809214194,6286147.1811885,2980.56406590861,1000697.92669093,96277.4,1028569577.24929,20429,68388916,38126248,163738998426716,7863580,68388916,301,500
GOA,2021,994,21232,popeye grenadier,Coryphaenoides cinereus,28,1,0.250394645982662,0.067036740589118,1.38855212772203,1.89669365632407,3.3,10.9688732924136,0,60725,17617,310346120.767699,0,60725,301,500
GOA,2021,994,21300,sculpin unid.,Cottidae,28,1,0.737013667807234,0.542370317910864,13.979485053892,195.380281102459,9.4,88.7452349629311,0,638491,178799,31969059480.1518,0,638491,301,500
GOA,2021,994,21314,threaded sculpin,Gymnocanthus pistilliger,28,0,0,0,0,0,0,0,0,0,0,0,0,0,301,500
GOA,2021,994,21316,armorhead sculpin,Gymnocanthus galeatus,28,0,0,0,0,0,0,0,0,0,0,0,0,0,301,500
GOA,2021,994,21341,darkfin sculpin,Malacocottus zonurus,28,0,0,0,0,0,0,0,0,0,0,0,0,0,301,500
GOA,2021,994,21347,yellow Irish lord,Hemilepidotus jordani,28,0,0,0,0,0,0,0,0,0,0,0,0,0,301,500
GOA,2021,994,21348,butterfly sculpin,Hemilepidotus papilio,28,0,0,0,0,0,0,0,0,0,0,0,0,0,301,500
GOA,2021,994,21352,scissortail sculpin,Triglops forficata,28,0,0,0,0,0,0,0,0,0,0,0,0,0,301,500
GOA,2021,994,21354,spectacled sculpin,Triglops scepticus,28,0,0,0,0,0,0,0,0,0,0,0,0,0,301,500
GOA,2021,994,21368,shorthorn (=warty) sculpin,Myoxocephalus scorpius,28,0,0,0,0,0,0,0,0,0,0,0,0,0,301,500
GOA,2021,994,21370,great sculpin,Myoxocephalus polyacanthocephalus,28,0,0,0,0,0,0,0,0,0,0,0,0,0,301,500
GOA,2021,994,21371,plain sculpin,Myoxocephalus jaok,28,0,0,0,0,0,0,0,0,0,0,0,0,0,301,500
GOA,2021,994,21380,Pacific staghorn sculpin,Leptocottus armatus,28,0,0,0,0,0,0,0,0,0,0,0,0,0,301,500
GOA,2021,994,21388,antlered sculpin,Enophrys diceraus,28,0,0,0,0,0,0,0,0,0,0,0,0,0,301,500
GOA,2021,994,21390,spinyhead sculpin,Dasycottus setiger,28,0,0,0,0,0,0,0,0,0,0,0,0,0,301,500
GOA,2021,994,21397,crested sculpin,Blepsias bilobus,28,0,0,0,0,0,0,0,0,0,0,0,0,0,301,500
GOA,2021,994,21420,bigmouth sculpin,Hemitripterus bolini,28,1,8.45188254533779,71.4567368651739,1.66422441117762,2.75808480225003,108.1,11692.0943004598,0,75861,21244,451291075.00974,0,75861,301,500
GOA,2021,994,21438,thorny sculpin,Icelus spiniger,28,0,0,0,0,0,0,0,0,0,0,0,0,0,301,500
GOA,2021,994,21592,Pacific sandfish,Trichodon trichodon,28,0,0,0,0,0,0,0,0,0,0,0,0,0,301,500
GOA,2021,994,21710,Pacific tomcod,Microgadus proximus,28,0,0,0,0,0,0,0,0,0,0,0,0,0,301,500
GOA,2021,994,21720,Pacific cod,Gadus macrocephalus,28,0,0,0,0,0,0,0,0,0,0,0,0,0,301,500
GOA,2021,994,21740,walleye pollock,Gadus chalcogrammus,28,16,72.4815248939713,961.499770379202,85.4538048003567,1355.87140272694,927.4,157325.207927639,54,2129712,1093010,221854187518.973,56308,2129712,301,500
GOA,2021,994,21910,lingcod,Ophiodon elongatus,28,1,3.64210394156599,13.258268680919,1.54789417516554,2.38047053305785,46.6,2169.38156538868,0,68030,19736,389504015.618479,0,68030,301,500
GOA,2021,994,21921,Atka mackerel,Pleurogrammus monopterygius,28,0,0,0,0,0,0,0,0,0,0,0,0,0,301,500
GOA,2021,994,21935,kelp greenling,Hexagrammos decagrammus,28,0,0,0,0,0,0,0,0,0,0,0,0,0,301,500
GOA,2021,994,22500,Pacific hake,Merluccius productus,28,3,25.1137438650126,193.609313409101,22.7115914197069,161.779278792117,321.3,31679.2852449684,0,742038,290384,26471102186.8632,0,742038,301,500
GOA,2021,994,23000,smelt unid.,Osmeridae,28,0,0,0,0,0,0,0,0,0,0,0,0,0,301,500
GOA,2021,994,23010,eulachon,Thaleichthys pacificus,28,4,10.8813330804589,51.542135036614,269.470393245062,30730.9356830508,139.3,8433.57155298305,0,9671762,3446869,5028343214518,0,9671762,301,500
GOA,2021,994,23041,Pacific capelin,Mallotus catervarius (=villosus),28,0,0,0,0,0,0,0,0,0,0,0,0,0,301,500
GOA,2021,994,23220,chinook salmon,Oncorhynchus tshawytscha,28,0,0,0,0,0,0,0,0,0,0,0,0,0,301,500
GOA,2021,994,23235,chum salmon,Oncorhynchus keta,28,0,0,0,0,0,0,0,0,0,0,0,0,0,301,500
GOA,2021,994,23240,sockeye salmon,Oncorhynchus nerka,28,0,0,0,0,0,0,0,0,0,0,0,0,0,301,500
GOA,2021,994,23800,prickleback unid.,Stichaeidae,28,0,0,0,0,0,0,0,0,0,0,0,0,0,301,500
GOA,2021,994,24001,prowfish,Zaprora silenus,28,2,0.139184742539063,0.012079685199455,2.62717525130377,3.87895435848677,1.9,1.976536078584,0,98526,33754,634693132.323971,0,98526,301,500
GOA,2021,994,24191,shortfin eelpout,Lycodes brevipes,28,0,0,0,0,0,0,0,0,0,0,0,0,0,301,500
GOA,2021,994,30020,shortspine thornyhead,Sebastolobus alascanus,28,28,1860.16521752454,101924.501666933,6657.87101867156,782672.791582273,23793.8,16677376.2320787,12457,116579377,85164588,128064679231722,53749799,116579377,301,500
GOA,2021,994,30030,longspine thornyhead,Sebastolobus altivelis,28,0,0,0,0,0,0,0,0,0,0,0,0,0,301,500
GOA,2021,994,30050,rougheye and blackspotted rockfish unid.,,28,0,0,0,0,0,0,0,0,0,0,0,0,0,301,500
GOA,2021,994,30051,rougheye rockfish,Sebastes aleutianus,28,20,317.986118935479,8144.8827054572,197.882295923939,2207.47523387787,4068,1332704.80623924,1100,4076564,2531400,361197694335.365,986236,4076564,301,500
GOA,2021,994,30052,blackspotted rockfish,Sebastes melanostictus,28,19,329.212001376529,10796.4916152031,321.243807631123,10985.6256803553,4211.4,1766573.78460003,522,7830755,4108926,1797520808242.62,387097,7830755,301,500
GOA,2021,994,30060,Pacific ocean perch,Sebastes alutus,28,21,1324.31181867838,73455.1470163965,1799.3756966823,126404.51256437,16940.1,12019083.7623937,8946,33504080,23016745,20682913126789.9,12529410,33504080,301,500
GOA,2021,994,30100,silvergray rockfish,Sebastes brevispinis,28,0,0,0,0,0,0,0,0,0,0,0,0,0,301,500
GOA,2021,994,30120,copper rockfish,Sebastes caurinus,28,0,0,0,0,0,0,0,0,0,0,0,0,0,301,500
GOA,2021,994,30151,dark rockfish,Sebastes ciliatus,28,0,0,0,0,0,0,0,0,0,0,0,0,0,301,500
GOA,2021,994,30152,dusky rockfish,Sebastes variabilis,28,0,0,0,0,0,0,0,0,0,0,0,0,0,301,500
GOA,2021,994,30170,darkblotched rockfish,Sebastes crameri,28,2,3.19535810674372,4.50478099003538,1.90875833975617,1.41659522281233,40.8,737.093889940594,0,66689,24425,231790110.454583,0,66689,301,500
GOA,2021,994,30190,splitnose rockfish,Sebastes diploproa,28,0,0,0,0,0,0,0,0,0,0,0,0,0,301,500
GOA,2021,994,30200,greenstriped rockfish,Sebastes elongatus,28,0,0,0,0,0,0,0,0,0,0,0,0,0,301,500
GOA,2021,994,30210,Puget Sound rockfish,Sebastes emphaeus,28,0,0,0,0,0,0,0,0,0,0,0,0,0,301,500
GOA,2021,994,30220,widow rockfish,Sebastes entomelas,28,1,1.25035752003015,1.56357428025749,0.58591632581123,0.341421582727202,16,255.839529378988,0,28223,7474,55865038.2957,0,28223,301,500
GOA,2021,994,30240,yellowtail rockfish,Sebastes flavidus,28,0,0,0,0,0,0,0,0,0,0,0,0,0,301,500
GOA,2021,994,30270,rosethorn rockfish,Sebastes helvomaculatus,28,2,1.77329402573925,1.87969462127141,5.33718548380729,15.6121865235937,22.7,307.564657051724,0,191967,68290,2554540902.34549,0,191967,301,500
GOA,2021,994,30320,quillback rockfish,Sebastes maliger,28,0,0,0,0,0,0,0,0,0,0,0,0,0,301,500
GOA,2021,994,30330,black rockfish,Sebastes melanops,28,0,0,0,0,0,0,0,0,0,0,0,0,0,301,500
GOA,2021,994,30350,vermilion rockfish,Sebastes miniatus,28,0,0,0,0,0,0,0,0,0,0,0,0,0,301,500
GOA,2021,994,30360,blue rockfish,Sebastes mystinus,28,0,0,0,0,0,0,0,0,0,0,0,0,0,301,500
GOA,2021,994,30380,tiger rockfish,Sebastes nigrocinctus,28,0,0,0,0,0,0,0,0,0,0,0,0,0,301,500
GOA,2021,994,30400,bocaccio,Sebastes paucispinis,28,0,0,0,0,0,0,0,0,0,0,0,0,0,301,500
GOA,2021,994,30410,canary rockfish,Sebastes pinniger,28,0,0,0,0,0,0,0,0,0,0,0,0,0,301,500
GOA,2021,994,30420,northern rockfish,Sebastes polyspinis,28,0,0,0,0,0,0,0,0,0,0,0,0,0,301,500
GOA,2021,994,30430,redstripe rockfish,Sebastes proriger,28,0,0,0,0,0,0,0,0,0,0,0,0,0,301,500
GOA,2021,994,30470,yelloweye rockfish,Sebastes ruberrimus,28,0,0,0,0,0,0,0,0,0,0,0,0,0,301,500
GOA,2021,994,30475,redbanded rockfish,Sebastes babcocki,28,11,84.3371625077756,2573.25440161892,72.0955036085816,1240.0727813573,1078.9,421048.237615021,0,2172574,922120,202906661221.043,0,2172574,301,500
GOA,2021,994,30510,olive rockfish,Sebastes serranoides,28,0,0,0,0,0,0,0,0,0,0,0,0,0,301,500
GOA,2021,994,30535,harlequin rockfish,Sebastes variegatus,28,0,0,0,0,0,0,0,0,0,0,0,0,0,301,500
GOA,2021,994,30550,pygmy rockfish,Sebastes wilsoni,28,0,0,0,0,0,0,0,0,0,0,0,0,0,301,500
GOA,2021,994,30560,sharpchin rockfish,Sebastes zacentrus,28,0,0,0,0,0,0,0,0,0,0,0,0,0,301,500
GOA,2021,994,30575,bank rockfish,Sebastes rufus,28,0,0,0,0,0,0,0,0,0,0,0,0,0,301,500
GOA,2021,994,30576,shortraker rockfish,Sebastes borealis,28,22,1664.52972691982,180648.700694697,479.162523793952,16505.122266274,21292.1,29558607.5776622,9630,9653915,6128898,2700647334932.36,2603881,9653915,301,500
GOA,2021,994,30600,yellowmouth rockfish,Sebastes reedi,28,0,0,0,0,0,0,0,0,0,0,0,0,0,301,500
GOA,2021,994,66000,shrimp unid.,,28,15,11.9623345368063,1.89574894193928,5930.45655204267,434412.227468507,153.4,310.191542065137,105,99263902,75859635,71080613972313.3,52455368,99263902,301,500
GOA,2021,994,66031,Alaskan pink shrimp,Pandalus eous,28,0,0,0,0,0,0,0,0,0,0,0,0,0,301,500
GOA,2021,994,66120,sidestripe shrimp,Pandalopsis dispar,28,3,0.488391780193723,0.169429134437422,33.6742659611302,804.265189440346,6.3,27.7228082892363,0,1437750,430717,131597731019.491,0,1437750,301,500
GOA,2021,994,78010,octopus unid.,Octopodidae,28,2,0.77724817030188,0.349590532021512,1.94102290324949,2.15485199224912,10.1,57.2016809927345,0,70747,24799,352587226.932129,0,70747,301,500
GOA,2021,994,78403,giant octopus,Enteroctopus dofleini,28,2,2.47653595240811,4.24721147409404,6.70238810793747,30.7759642213255,31.8,694.949129328419,0,282892,85899,5035711000.10151,0,282892,301,500
GOA,2021,994,79000,squid unid.,Decapodiformes,28,8,23.5078036109816,494.974535035876,9.25091523016957,13.0812969959465,300.5,80990.1094544144,0,246843,118412,2140424608.77431,0,246843,301,500
GOA,2021,994,79210,magistrate armhook squid,Berryteuthis magister,28,25,98.1677034467409,597.667391284996,653.954436308978,40584.8567749879,1255,97793.2075515717,534,14307160,8364705,6640689085469.34,2422250,14307160,301,500
GOA,2021,995,150,shark unid.,Selachii,10,0,0,0,0,0,0,0,0,0,0,0,0,0,501,600
GOA,2021,995,232,salmon shark,Lamna ditropis,10,0,0,0,0,0,0,0,0,0,0,0,0,0,501,600
GOA,2021,995,310,spiny dogfish,Squalus suckleyi,10,0,0,0,0,0,0,0,0,0,0,0,0,0,501,600
GOA,2021,995,320,Pacific sleeper shark,Somniosus pacificus,10,0,0,0,0,0,0,0,0,0,0,0,0,0,501,600
GOA,2021,995,400,skate unid.,Rajidae,10,0,0,0,0,0,0,0,0,0,0,0,0,0,501,600
GOA,2021,995,405,,Bathyraja sp.,10,0,0,0,0,0,0,0,0,0,0,0,0,0,501,600
GOA,2021,995,420,big skate,Beringraja binoculata,10,0,0,0,0,0,0,0,0,0,0,0,0,0,501,600
GOA,2021,995,435,Bering skate,Bathyraja interrupta,10,1,10.3535055232744,107.017727581833,4.56982312751421,20.9897782163435,84.9,7207.04573429413,0,157231,37597,1413544232.11989,0,157231,501,600
GOA,2021,995,440,longnose skate,Raja rhina,10,0,0,0,0,0,0,0,0,0,0,0,0,0,501,600
GOA,2021,995,455,mud skate,Bathyraja taranetzi,10,0,0,0,0,0,0,0,0,0,0,0,0,0,501,600
GOA,2021,995,460,roughtail skate,Bathyraja trachura,10,0,0,0,0,0,0,0,0,0,0,0,0,0,501,600
GOA,2021,995,471,Alaska skate,Bathyraja parmifera,10,0,0,0,0,0,0,0,0,0,0,0,0,0,501,600
GOA,2021,995,472,Aleutian skate,Bathyraja aleutica,10,3,12.8872822482649,40.4885403101884,12.8483628193924,44.4355753212237,105.8,2726.67686301979,0,279566,105499,2992487607.48397,0,279566,501,600
GOA,2021,995,480,whiteblotched skate,Bathyraja maculata,10,0,0,0,0,0,0,0,0,0,0,0,0,0,501,600
GOA,2021,995,485,whitebrow skate,Bathyraja minispinosa,10,0,0,0,0,0,0,0,0,0,0,0,0,0,501,600
GOA,2021,995,710,spotted ratfish,Hydrolagus colliei,10,0,0,0,0,0,0,0,0,0,0,0,0,0,501,600
GOA,2021,995,10010,Pacific sanddab,Citharichthys sordidus,10,0,0,0,0,0,0,0,0,0,0,0,0,0,501,600
GOA,2021,995,10020,speckled sanddab,Citharichthys stigmaeus,10,0,0,0,0,0,0,0,0,0,0,0,0,0,501,600
GOA,2021,995,10110,arrowtooth flounder,Atheresthes stomias,10,7,356.522852215671,61102.4197949685,322.173082987789,45543.6235483401,2924.7,4114906.41680503,0,10180251,2644337,3067108461702.02,0,10180251,501,600
GOA,2021,995,10112,Kamchatka flounder,Atheresthes evermanni,10,0,0,0,0,0,0,0,0,0,0,0,0,0,501,600
GOA,2021,995,10115,Greenland turbot,Reinhardtius hippoglossoides,10,0,0,0,0,0,0,0,0,0,0,0,0,0,501,600
GOA,2021,995,10120,Pacific halibut,Hippoglossus stenolepis,10,0,0,0,0,0,0,0,0,0,0,0,0,0,501,600
GOA,2021,995,10130,flathead sole,Hippoglossoides elassodon,10,0,0,0,0,0,0,0,0,0,0,0,0,0,501,600
GOA,2021,995,10150,slender sole,Lyopsetta exilis,10,1,0.138527367296893,0.018007857501872,2.31718505296621,5.3531086509727,1.1,1.21272854063737,0,100688,18987,360501944.303618,0,100688,501,600
GOA,2021,995,10160,petrale sole,Eopsetta jordani,10,0,0,0,0,0,0,0,0,0,0,0,0,0,501,600
GOA,2021,995,10170,English sole,Parophrys vetulus,10,0,0,0,0,0,0,0,0,0,0,0,0,0,501,600
GOA,2021,995,10180,Dover sole,Microstomus pacificus,10,7,305.487837573376,3262.95756844668,421.940799555077,9257.94292594253,2506.7,219741.95262999,1426,5283841,3463020,623470705091.659,1642199,5283841,501,600
GOA,2021,995,10190,deepsea sole,Embassichthys bathybius,10,4,21.0241750792434,123.937614472956,38.4377404536284,418.096293041547,172.5,8346.50553594393,0,1037729,315691,28156448220.0871,0,1037729,501,600
GOA,2021,995,10200,rex sole,Glyptocephalus zachirus,10,6,146.234211399836,943.922601746856,579.622825529065,13521.058953718,1199.3,63567.9107951674,499,7404812,4755851,910567739172.169,2106890,7404812,501,600
GOA,2021,995,10210,yellowfin sole,Limanda aspera,10,0,0,0,0,0,0,0,0,0,0,0,0,0,501,600
GOA,2021,995,10220,starry flounder,Platichthys stellatus,10,0,0,0,0,0,0,0,0,0,0,0,0,0,501,600
GOA,2021,995,10250,sand sole,Psettichthys melanostictus,10,0,0,0,0,0,0,0,0,0,0,0,0,0,501,600
GOA,2021,995,10261,northern rock sole,Lepidopsetta polyxystra,10,0,0,0,0,0,0,0,0,0,0,0,0,0,501,600
GOA,2021,995,10262,southern rock sole,Lepidopsetta bilineata,10,0,0,0,0,0,0,0,0,0,0,0,0,0,501,600
GOA,2021,995,10270,butter sole,Isopsetta isolepis,10,1,1.09485345763361,1.21877304556239,2.61812783347168,6.90914424921987,9.1,82.0775517997838,0,90209,21571,465292243.762947,0,90209,501,600
GOA,2021,995,10285,Alaska plaice,Pleuronectes quadrituberculatus,10,0,0,0,0,0,0,0,0,0,0,0,0,0,501,600
GOA,2021,995,20202,sand lance unid.,Ammodytes sp.,10,0,0,0,0,0,0,0,0,0,0,0,0,0,501,600
GOA,2021,995,20510,sablefish,Anoplopoma fimbria,10,10,4134.47480026477,493940.535031993,2267.29016603456,108868.883298198,33928.1,33264133.956453,9111,30257947,18606657,7331710724016.91,6955367,30257947,501,600
GOA,2021,995,21110,Pacific herring,Clupea pallasii,10,0,0,0,0,0,0,0,0,0,0,0,0,0,501,600
GOA,2021,995,21200,grenadier unid.,Macrouridae,10,0,0,0,0,0,0,0,0,0,0,0,0,0,501,600
GOA,2021,995,21220,Pacific grenadier,Coryphaenoides acrolepis,10,0,0,0,0,0,0,0,0,0,0,0,0,0,501,600
GOA,2021,995,21230,giant grenadier,Albatrossia pectoralis,10,10,10511.7589266818,6159940.57270029,4530.81589515162,1167786.45355878,86263.3,414837564.122612,33898,59980937,37180952,78643889838266.3,14380967,59980937,501,600
GOA,2021,995,21232,popeye grenadier,Coryphaenoides cinereus,10,6,284.023508669613,32573.2069564673,1743.01245713692,1255438.82094134,2330.9,2193623.40756466,0,39828975,14303842,84546786813556.6,0,39828975,501,600
GOA,2021,995,21300,sculpin unid.,Cottidae,10,0,0,0,0,0,0,0,0,0,0,0,0,0,501,600
GOA,2021,995,21314,threaded sculpin,Gymnocanthus pistilliger,10,0,0,0,0,0,0,0,0,0,0,0,0,0,501,600
GOA,2021,995,21316,armorhead sculpin,Gymnocanthus galeatus,10,0,0,0,0,0,0,0,0,0,0,0,0,0,501,600
GOA,2021,995,21341,darkfin sculpin,Malacocottus zonurus,10,2,0.935526866709788,0.354506320483791,17.98763020992,106.427973666887,7.7,23.8740190298783,0,511844,147552,7167329104.78763,0,511844,501,600
GOA,2021,995,21347,yellow Irish lord,Hemilepidotus jordani,10,0,0,0,0,0,0,0,0,0,0,0,0,0,501,600
GOA,2021,995,21348,butterfly sculpin,Hemilepidotus papilio,10,0,0,0,0,0,0,0,0,0,0,0,0,0,501,600
GOA,2021,995,21352,scissortail sculpin,Triglops forficata,10,0,0,0,0,0,0,0,0,0,0,0,0,0,501,600
GOA,2021,995,21354,spectacled sculpin,Triglops scepticus,10,0,0,0,0,0,0,0,0,0,0,0,0,0,501,600
GOA,2021,995,21368,shorthorn (=warty) sculpin,Myoxocephalus scorpius,10,0,0,0,0,0,0,0,0,0,0,0,0,0,501,600
GOA,2021,995,21370,great sculpin,Myoxocephalus polyacanthocephalus,10,0,0,0,0,0,0,0,0,0,0,0,0,0,501,600
GOA,2021,995,21371,plain sculpin,Myoxocephalus jaok,10,0,0,0,0,0,0,0,0,0,0,0,0,0,501,600
GOA,2021,995,21380,Pacific staghorn sculpin,Leptocottus armatus,10,0,0,0,0,0,0,0,0,0,0,0,0,0,501,600
GOA,2021,995,21388,antlered sculpin,Enophrys diceraus,10,0,0,0,0,0,0,0,0,0,0,0,0,0,501,600
GOA,2021,995,21390,spinyhead sculpin,Dasycottus setiger,10,0,0,0,0,0,0,0,0,0,0,0,0,0,501,600
GOA,2021,995,21397,crested sculpin,Blepsias bilobus,10,0,0,0,0,0,0,0,0,0,0,0,0,0,501,600
GOA,2021,995,21420,bigmouth sculpin,Hemitripterus bolini,10,0,0,0,0,0,0,0,0,0,0,0,0,0,501,600
GOA,2021,995,21438,thorny sculpin,Icelus spiniger,10,0,0,0,0,0,0,0,0,0,0,0,0,0,501,600
GOA,2021,995,21592,Pacific sandfish,Trichodon trichodon,10,0,0,0,0,0,0,0,0,0,0,0,0,0,501,600
GOA,2021,995,21710,Pacific tomcod,Microgadus proximus,10,0,0,0,0,0,0,0,0,0,0,0,0,0,501,600
GOA,2021,995,21720,Pacific cod,Gadus macrocephalus,10,0,0,0,0,0,0,0,0,0,0,0,0,0,501,600
GOA,2021,995,21740,walleye pollock,Gadus chalcogrammus,10,3,20.8316480965261,196.820676176992,34.2640099805468,557.119048443109,170.9,13254.7723327203,0,819021,281316,37518853673.1509,0,819021,501,600
GOA,2021,995,21910,lingcod,Ophiodon elongatus,10,0,0,0,0,0,0,0,0,0,0,0,0,0,501,600
GOA,2021,995,21921,Atka mackerel,Pleurogrammus monopterygius,10,0,0,0,0,0,0,0,0,0,0,0,0,0,501,600
GOA,2021,995,21935,kelp greenling,Hexagrammos decagrammus,10,0,0,0,0,0,0,0,0,0,0,0,0,0,501,600
GOA,2021,995,22500,Pacific hake,Merluccius productus,10,0,0,0,0,0,0,0,0,0,0,0,0,0,501,600
GOA,2021,995,23000,smelt unid.,Osmeridae,10,0,0,0,0,0,0,0,0,0,0,0,0,0,501,600
GOA,2021,995,23010,eulachon,Thaleichthys pacificus,10,0,0,0,0,0,0,0,0,0,0,0,0,0,501,600
GOA,2021,995,23041,Pacific capelin,Mallotus catervarius (=villosus),10,0,0,0,0,0,0,0,0,0,0,0,0,0,501,600
GOA,2021,995,23220,chinook salmon,Oncorhynchus tshawytscha,10,0,0,0,0,0,0,0,0,0,0,0,0,0,501,600
GOA,2021,995,23235,chum salmon,Oncorhynchus keta,10,1,9.18724857927335,84.2865434827467,2.95134410318626,8.75940601566373,75.3,5676.22755025539,0,101572,24288,589897030.95561,0,101572,501,600
GOA,2021,995,23240,sockeye salmon,Oncorhynchus nerka,10,0,0,0,0,0,0,0,0,0,0,0,0,0,501,600
GOA,2021,995,23800,prickleback unid.,Stichaeidae,10,0,0,0,0,0,0,0,0,0,0,0,0,0,501,600
GOA,2021,995,24001,prowfish,Zaprora silenus,10,0,0,0,0,0,0,0,0,0,0,0,0,0,501,600
GOA,2021,995,24191,shortfin eelpout,Lycodes brevipes,10,0,0,0,0,0,0,0,0,0,0,0,0,0,501,600
GOA,2021,995,30020,shortspine thornyhead,Sebastolobus alascanus,10,10,2109.5124559671,63440.2549424646,7602.70858038956,391589.558878,17311.9,4272346.54572535,12254,74956647,62390553,26371367844152.4,49824459,74956647,501,600
GOA,2021,995,30030,longspine thornyhead,Sebastolobus altivelis,10,1,76.6308209092358,5873.23496646339,728.742105760846,531063.173196333,628.9,395529.544198083,0,31713596,5980312,35764136125004.6,0,31713596,501,600
GOA,2021,995,30050,rougheye and blackspotted rockfish unid.,,10,0,0,0,0,0,0,0,0,0,0,0,0,0,501,600
GOA,2021,995,30051,rougheye rockfish,Sebastes aleutianus,10,0,0,0,0,0,0,0,0,0,0,0,0,0,501,600
GOA,2021,995,30052,blackspotted rockfish,Sebastes melanostictus,10,1,13.3238140545557,177.603297578512,6.93896176187164,48.1779778587543,109.4,11960.5893073277,0,302063,56961,3244517498.73256,0,302063,501,600
GOA,2021,995,30060,Pacific ocean perch,Sebastes alutus,10,6,69.2757265580713,557.29496712579,102.057161003338,1451.84318247025,567.5,37530.7008130616,0,1832762,837790,97773522681.8855,0,1832762,501,600
GOA,2021,995,30100,silvergray rockfish,Sebastes brevispinis,10,0,0,0,0,0,0,0,0,0,0,0,0,0,501,600
GOA,2021,995,30120,copper rockfish,Sebastes caurinus,10,0,0,0,0,0,0,0,0,0,0,0,0,0,501,600
GOA,2021,995,30151,dark rockfish,Sebastes ciliatus,10,0,0,0,0,0,0,0,0,0,0,0,0,0,501,600
GOA,2021,995,30152,dusky rockfish,Sebastes variabilis,10,0,0,0,0,0,0,0,0,0,0,0,0,0,501,600
GOA,2021,995,30170,darkblotched rockfish,Sebastes crameri,10,0,0,0,0,0,0,0,0,0,0,0,0,0,501,600
GOA,2021,995,30190,splitnose rockfish,Sebastes diploproa,10,0,0,0,0,0,0,0,0,0,0,0,0,0,501,600
GOA,2021,995,30200,greenstriped rockfish,Sebastes elongatus,10,0,0,0,0,0,0,0,0,0,0,0,0,0,501,600
GOA,2021,995,30210,Puget Sound rockfish,Sebastes emphaeus,10,0,0,0,0,0,0,0,0,0,0,0,0,0,501,600
GOA,2021,995,30220,widow rockfish,Sebastes entomelas,10,0,0,0,0,0,0,0,0,0,0,0,0,0,501,600
GOA,2021,995,30240,yellowtail rockfish,Sebastes flavidus,10,0,0,0,0,0,0,0,0,0,0,0,0,0,501,600
GOA,2021,995,30270,rosethorn rockfish,Sebastes helvomaculatus,10,0,0,0,0,0,0,0,0,0,0,0,0,0,501,600
GOA,2021,995,30320,quillback rockfish,Sebastes maliger,10,0,0,0,0,0,0,0,0,0,0,0,0,0,501,600
GOA,2021,995,30330,black rockfish,Sebastes melanops,10,0,0,0,0,0,0,0,0,0,0,0,0,0,501,600
GOA,2021,995,30350,vermilion rockfish,Sebastes miniatus,10,0,0,0,0,0,0,0,0,0,0,0,0,0,501,600
GOA,2021,995,30360,blue rockfish,Sebastes mystinus,10,0,0,0,0,0,0,0,0,0,0,0,0,0,501,600
GOA,2021,995,30380,tiger rockfish,Sebastes nigrocinctus,10,0,0,0,0,0,0,0,0,0,0,0,0,0,501,600
GOA,2021,995,30400,bocaccio,Sebastes paucispinis,10,0,0,0,0,0,0,0,0,0,0,0,0,0,501,600
GOA,2021,995,30410,canary rockfish,Sebastes pinniger,10,0,0,0,0,0,0,0,0,0,0,0,0,0,501,600
GOA,2021,995,30420,northern rockfish,Sebastes polyspinis,10,0,0,0,0,0,0,0,0,0,0,0,0,0,501,600
GOA,2021,995,30430,redstripe rockfish,Sebastes proriger,10,0,0,0,0,0,0,0,0,0,0,0,0,0,501,600
GOA,2021,995,30470,yelloweye rockfish,Sebastes ruberrimus,10,0,0,0,0,0,0,0,0,0,0,0,0,0,501,600
GOA,2021,995,30475,redbanded rockfish,Sebastes babcocki,10,0,0,0,0,0,0,0,0,0,0,0,0,0,501,600
GOA,2021,995,30510,olive rockfish,Sebastes serranoides,10,0,0,0,0,0,0,0,0,0,0,0,0,0,501,600
GOA,2021,995,30535,harlequin rockfish,Sebastes variegatus,10,0,0,0,0,0,0,0,0,0,0,0,0,0,501,600
GOA,2021,995,30550,pygmy rockfish,Sebastes wilsoni,10,0,0,0,0,0,0,0,0,0,0,0,0,0,501,600
GOA,2021,995,30560,sharpchin rockfish,Sebastes zacentrus,10,0,0,0,0,0,0,0,0,0,0,0,0,0,501,600
GOA,2021,995,30575,bank rockfish,Sebastes rufus,10,0,0,0,0,0,0,0,0,0,0,0,0,0,501,600
GOA,2021,995,30576,shortraker rockfish,Sebastes borealis,10,3,24.6696405375145,156.305282345481,18.8197522069457,52.872467151244,202.4,10526.2870351479,0,411377,154611,3560665110.85838,0,411377,501,600
GOA,2021,995,30600,yellowmouth rockfish,Sebastes reedi,10,0,0,0,0,0,0,0,0,0,0,0,0,0,501,600
GOA,2021,995,66000,shrimp unid.,,10,7,0.170430412299528,0.007839292023273,62.3203312819173,311.332340973218,1.4,0.527932496912826,0,1133923,510857,20966492848.0478,0,1133923,501,600
GOA,2021,995,66031,Alaskan pink shrimp,Pandalus eous,10,0,0,0,0,0,0,0,0,0,0,0,0,0,501,600
GOA,2021,995,66120,sidestripe shrimp,Pandalopsis dispar,10,0,0,0,0,0,0,0,0,0,0,0,0,0,501,600
GOA,2021,995,78010,octopus unid.,Octopodidae,10,4,15.4194712420751,8.19748982496835,11.7486776238539,49.8384845422346,126.6,552.055116567312,61,257456,96631,3356343341.79947,0,257456,501,600
GOA,2021,995,78403,giant octopus,Enteroctopus dofleini,10,2,6.66432539429155,12.3367239160822,8.21140093225209,20.8370627801228,54.7,830.809394701237,0,186627,67429,1403259701.15437,0,186627,501,600
GOA,2021,995,79000,squid unid.,Decapodiformes,10,6,1.28191447515611,0.388782100320884,23.1113752692423,135.800098058999,10.5,26.1823012037418,0,601464,189962,9145377495.37281,0,601464,501,600
GOA,2021,995,79210,magistrate armhook squid,Berryteuthis magister,10,5,21.5181166226602,43.2869900029927,71.620606032099,907.127517341765,176.1,2915.13680677761,0,1650868,587322,61089967541.3086,0,1650868,501,600