Record Count,Loaded to Repository,Survey,Year,Species Code,Common Name,Scientific Name,Sex,Age (years),Age Pop,Mean Length (mm),Std Deviation Length
1,2021-09-29 10:30:17,GOA,1990,30560,sharpchin rockfish,Sebastes zacentrus,Female,-9,28174334,319.468091774592,35.0439628770538
1,2021-09-29 10:30:17,GOA,1990,30560,sharpchin rockfish,Sebastes zacentrus,Female,6,4152955.5,240,0
1,2021-09-29 10:30:17,GOA,1990,30560,sharpchin rockfish,Sebastes zacentrus,Female,7,8962671.5,225.61310040204,19.7829862822211
1,2021-09-29 10:30:17,GOA,1990,30560,sharpchin rockfish,Sebastes zacentrus,Female,8,6484295,255.932800713108,4.91221770991792
1,2021-09-29 10:30:17,GOA,1990,30560,sharpchin rockfish,Sebastes zacentrus,Female,9,10236091,250.879548648014,20.9785596725037
1,2021-09-29 10:30:17,GOA,1990,30560,sharpchin rockfish,Sebastes zacentrus,Female,10,5459675.5,239.660984430302,9.99425177006787
1,2021-09-29 10:30:17,GOA,1990,30560,sharpchin rockfish,Sebastes zacentrus,Female,11,7397070.5,253.157026149744,14.8863510433979
1,2021-09-29 10:30:17,GOA,1990,30560,sharpchin rockfish,Sebastes zacentrus,Female,12,2557378,290,0
1,2021-09-29 10:30:17,GOA,1990,30560,sharpchin rockfish,Sebastes zacentrus,Female,13,2776569.5,300,0
1,2021-09-29 10:30:17,GOA,1990,30560,sharpchin rockfish,Sebastes zacentrus,Female,14,5333947.5,295.205468370283,4.99577649107941
1,2021-09-29 10:30:17,GOA,1990,30560,sharpchin rockfish,Sebastes zacentrus,Male,-9,6915602,261.481043877308,63.4088346325913
1,2021-09-29 10:30:17,GOA,1990,30560,sharpchin rockfish,Sebastes zacentrus,Male,7,1448156.5,195.925744213419,4.91355244719371
1,2021-09-29 10:30:17,GOA,1990,30560,sharpchin rockfish,Sebastes zacentrus,Male,8,3756944.66666667,210,0
1,2021-09-29 10:30:17,GOA,1990,30560,sharpchin rockfish,Sebastes zacentrus,Male,9,16325459.5,250.151339997505,7.55849990937662
1,2021-09-29 10:30:17,GOA,1990,30560,sharpchin rockfish,Sebastes zacentrus,Male,10,10717910.8333333,216.646031685435,6.1890051202404
1,2021-09-29 10:30:17,GOA,1990,30560,sharpchin rockfish,Sebastes zacentrus,Male,11,5721809.5,229.688297032608,20.2300254641927
1,2021-09-29 10:30:17,GOA,1990,30560,sharpchin rockfish,Sebastes zacentrus,Male,12,9786826,230,0
1,2021-09-29 10:30:17,GOA,1990,30560,sharpchin rockfish,Sebastes zacentrus,Male,31,4536302,270,0
1,2021-09-29 10:30:17,GOA,1993,30100,silvergray rockfish,Sebastes brevispinis,Female,-9,945079,567.821049880486,52.766106394374
1,2021-09-29 10:30:17,GOA,1993,30100,silvergray rockfish,Sebastes brevispinis,Female,11,1006681.27380952,485.725223925618,63.8576501874156
1,2021-09-29 10:30:17,GOA,1993,30100,silvergray rockfish,Sebastes brevispinis,Female,12,950224.864285714,478.806989151688,42.4975237406902
1,2021-09-29 10:30:17,GOA,1993,30100,silvergray rockfish,Sebastes brevispinis,Female,13,599390.880952381,493.988995653802,66.8269390667278
1,2021-09-29 10:30:17,GOA,1993,30100,silvergray rockfish,Sebastes brevispinis,Female,14,192084.5,487.369595152134,52.4011040332559
1,2021-09-29 10:30:17,GOA,1993,30100,silvergray rockfish,Sebastes brevispinis,Female,15,516347.733333333,500.941681936308,53.5443852039384
1,2021-09-29 10:30:17,GOA,1993,30100,silvergray rockfish,Sebastes brevispinis,Female,16,230700.464285714,445.379876472476,13.1210050056677
1,2021-09-29 10:30:17,GOA,1993,30100,silvergray rockfish,Sebastes brevispinis,Female,17,18195,410,0
1,2021-09-29 10:30:17,GOA,1993,30100,silvergray rockfish,Sebastes brevispinis,Female,18,47967.5,620,0
1,2021-09-29 10:30:17,GOA,1993,30100,silvergray rockfish,Sebastes brevispinis,Female,23,16859,640,0
1,2021-09-29 10:30:17,GOA,1993,30100,silvergray rockfish,Sebastes brevispinis,Female,24,71906.5,430,0
1,2021-09-29 10:30:17,GOA,1993,30100,silvergray rockfish,Sebastes brevispinis,Female,25,168738.7,506.440733512822,24.9584512128665
1,2021-09-29 10:30:17,GOA,1993,30100,silvergray rockfish,Sebastes brevispinis,Female,27,208645.5,490,0
1,2021-09-29 10:30:17,GOA,1993,30100,silvergray rockfish,Sebastes brevispinis,Female,35,74269,500,0
1,2021-09-29 10:30:17,GOA,1993,30100,silvergray rockfish,Sebastes brevispinis,Female,39,89231.5,530,0
1,2021-09-29 10:30:17,GOA,1993,30100,silvergray rockfish,Sebastes brevispinis,Female,47,71906.5,430,0
1,2021-09-29 10:30:17,GOA,1993,30100,silvergray rockfish,Sebastes brevispinis,Female,48,131396.333333333,438.194305269807,14.6559344240922
1,2021-09-29 10:30:17,GOA,1993,30100,silvergray rockfish,Sebastes brevispinis,Female,57,75665.25,520,0
1,2021-09-29 10:30:17,GOA,1993,30100,silvergray rockfish,Sebastes brevispinis,Female,58,51707.5,420,0
1,2021-09-29 10:30:17,GOA,1993,30100,silvergray rockfish,Sebastes brevispinis,Male,-9,1034878,543.71701785138,58.6241363000007
1,2021-09-29 10:30:17,GOA,1993,30100,silvergray rockfish,Sebastes brevispinis,Male,9,127544.125,442.841379404971,9.58783411814198
1,2021-09-29 10:30:17,GOA,1993,30100,silvergray rockfish,Sebastes brevispinis,Male,10,127030,460,0
1,2021-09-29 10:30:17,GOA,1993,30100,silvergray rockfish,Sebastes brevispinis,Male,11,1407225.08333333,469.477649778959,42.115256252044
1,2021-09-29 10:30:17,GOA,1993,30100,silvergray rockfish,Sebastes brevispinis,Male,12,1070932.39166667,460.573534259909,26.9810742607855
1,2021-09-29 10:30:17,GOA,1993,30100,silvergray rockfish,Sebastes brevispinis,Male,13,422814.95,447.582377349713,13.9076277151664
1,2021-09-29 10:30:17,GOA,1993,30100,silvergray rockfish,Sebastes brevispinis,Male,14,394971.4,460.778646251349,25.9135167305913
1,2021-09-29 10:30:17,GOA,1993,30100,silvergray rockfish,Sebastes brevispinis,Male,15,259589.2,510.505416506799,11.2970435135178
1,2021-09-29 10:30:17,GOA,1993,30100,silvergray rockfish,Sebastes brevispinis,Male,16,355941.45,504.536767212697,51.3516523421595
1,2021-09-29 10:30:17,GOA,1993,30100,silvergray rockfish,Sebastes brevispinis,Male,17,51391.6666666667,380,0
1,2021-09-29 10:30:17,GOA,1993,30100,silvergray rockfish,Sebastes brevispinis,Male,18,8988,390,0
1,2021-09-29 10:30:17,GOA,1993,30100,silvergray rockfish,Sebastes brevispinis,Male,22,480415.666666667,509.28114334323,17.7161050528166
1,2021-09-29 10:30:17,GOA,1993,30100,silvergray rockfish,Sebastes brevispinis,Male,24,129512.5,490,0
1,2021-09-29 10:30:17,GOA,1993,30100,silvergray rockfish,Sebastes brevispinis,Male,26,8988,390,0
1,2021-09-29 10:30:17,GOA,1993,30100,silvergray rockfish,Sebastes brevispinis,Male,31,60035.5,420,0
1,2021-09-29 10:30:17,GOA,1993,30100,silvergray rockfish,Sebastes brevispinis,Male,34,129512.5,490,0
1,2021-09-29 10:30:17,GOA,1993,30100,silvergray rockfish,Sebastes brevispinis,Male,35,107688.2,440,0
1,2021-09-29 10:30:17,GOA,1993,30100,silvergray rockfish,Sebastes brevispinis,Male,41,224765.2,464.348324384736,4.95734998688393
1,2021-09-29 10:30:17,GOA,1993,30100,silvergray rockfish,Sebastes brevispinis,Male,44,51391.6666666667,380,0
1,2021-09-29 10:30:17,GOA,1993,30100,silvergray rockfish,Sebastes brevispinis,Male,46,9171.5,610,0
1,2021-09-29 10:30:17,GOA,1996,30100,silvergray rockfish,Sebastes brevispinis,Female,-9,238242,247.434709245221,35.513648804975
1,2021-09-29 10:30:17,GOA,1996,30100,silvergray rockfish,Sebastes brevispinis,Female,7,10744,390,0
1,2021-09-29 10:30:17,GOA,1996,30100,silvergray rockfish,Sebastes brevispinis,Female,9,75340.5,431.095227666395,9.93984287394673
1,2021-09-29 10:30:17,GOA,1996,30100,silvergray rockfish,Sebastes brevispinis,Female,10,75340.5,431.095227666395,9.93984287394673
1,2021-09-29 10:30:17,GOA,1996,30100,silvergray rockfish,Sebastes brevispinis,Female,12,266491,447.491558814369,25.464042301868
1,2021-09-29 10:30:17,GOA,1996,30100,silvergray rockfish,Sebastes brevispinis,Female,13,643070.25952381,470.707911242861,32.4688256527122
1,2021-09-29 10:30:17,GOA,1996,30100,silvergray rockfish,Sebastes brevispinis,Female,14,476020.728860029,491.886965472711,32.5993714831464
1,2021-09-29 10:30:17,GOA,1996,30100,silvergray rockfish,Sebastes brevispinis,Female,15,674865.154545455,483.274431420533,36.1487073828039
1,2021-09-29 10:30:17,GOA,1996,30100,silvergray rockfish,Sebastes brevispinis,Female,16,893044.527272727,485.358311128321,33.6030144687572
1,2021-09-29 10:30:17,GOA,1996,30100,silvergray rockfish,Sebastes brevispinis,Female,17,412055.054906205,486.111913298611,26.5965958269477
1,2021-09-29 10:30:17,GOA,1996,30100,silvergray rockfish,Sebastes brevispinis,Female,18,159330.727272727,473.703060186987,34.3794478930578
1,2021-09-29 10:30:17,GOA,1996,30100,silvergray rockfish,Sebastes brevispinis,Female,19,248368.322222222,500.212467156194,32.0165088313243
1,2021-09-29 10:30:17,GOA,1996,30100,silvergray rockfish,Sebastes brevispinis,Female,20,266425.379365079,502.548361243697,8.97838327632541
1,2021-09-29 10:30:17,GOA,1996,30100,silvergray rockfish,Sebastes brevispinis,Female,21,97706.5238095238,526.298882416098,11.8333025363266
1,2021-09-29 10:30:17,GOA,1996,30100,silvergray rockfish,Sebastes brevispinis,Female,22,34398.4,550,0
1,2021-09-29 10:30:17,GOA,1996,30100,silvergray rockfish,Sebastes brevispinis,Female,23,95867.8833333333,565.148870676711,43.4395444091063
1,2021-09-29 10:30:17,GOA,1996,30100,silvergray rockfish,Sebastes brevispinis,Female,24,25958.3333333333,540,0
1,2021-09-29 10:30:17,GOA,1996,30100,silvergray rockfish,Sebastes brevispinis,Female,25,117842.022222222,542.138780525566,17.5303537693571
1,2021-09-29 10:30:17,GOA,1996,30100,silvergray rockfish,Sebastes brevispinis,Female,26,41005,573.222338739178,19.7387064685114
1,2021-09-29 10:30:17,GOA,1996,30100,silvergray rockfish,Sebastes brevispinis,Female,27,149561.09047619,513.628070249618,37.8264179726297
1,2021-09-29 10:30:17,GOA,1996,30100,silvergray rockfish,Sebastes brevispinis,Female,28,120123.642857143,530.635690250105,35.0421457481509
1,2021-09-29 10:30:17,GOA,1996,30100,silvergray rockfish,Sebastes brevispinis,Female,29,79237.5,578.243281274649,19.0196345827345
1,2021-09-29 10:30:17,GOA,1996,30100,silvergray rockfish,Sebastes brevispinis,Female,30,25144.25,580,0
1,2021-09-29 10:30:17,GOA,1996,30100,silvergray rockfish,Sebastes brevispinis,Female,31,26121.4,560,0
1,2021-09-29 10:30:17,GOA,1996,30100,silvergray rockfish,Sebastes brevispinis,Female,32,44350.6,580.735277538523,9.97293171245491
1,2021-09-29 10:30:17,GOA,1996,30100,silvergray rockfish,Sebastes brevispinis,Female,33,26121.4,560,0
1,2021-09-29 10:30:17,GOA,1996,30100,silvergray rockfish,Sebastes brevispinis,Female,35,17199.2,550,0
1,2021-09-29 10:30:17,GOA,1996,30100,silvergray rockfish,Sebastes brevispinis,Female,38,3199.25,640,0
1,2021-09-29 10:30:17,GOA,1996,30100,silvergray rockfish,Sebastes brevispinis,Female,39,25144.25,580,0
1,2021-09-29 10:30:17,GOA,1996,30100,silvergray rockfish,Sebastes brevispinis,Female,41,23805.8,590,0
1,2021-09-29 10:30:17,GOA,1996,30100,silvergray rockfish,Sebastes brevispinis,Female,43,5191.65,647.675401847197,9.72606001564431
1,2021-09-29 10:30:17,GOA,1996,30100,silvergray rockfish,Sebastes brevispinis,Female,44,8765.5,620,0
1,2021-09-29 10:30:17,GOA,1996,30100,silvergray rockfish,Sebastes brevispinis,Female,45,2578.8,670,0
1,2021-09-29 10:30:17,GOA,1996,30100,silvergray rockfish,Sebastes brevispinis,Female,46,2578.8,670,0
1,2021-09-29 10:30:17,GOA,1996,30100,silvergray rockfish,Sebastes brevispinis,Female,47,10278.7333333333,692.246515459103,15.8121111528468
1,2021-09-29 10:30:17,GOA,1996,30100,silvergray rockfish,Sebastes brevispinis,Female,48,12076,680,0
1,2021-09-29 10:30:17,GOA,1996,30100,silvergray rockfish,Sebastes brevispinis,Female,49,97521.1333333333,627.901945356118,32.7068148595955
1,2021-09-29 10:30:17,GOA,1996,30100,silvergray rockfish,Sebastes brevispinis,Female,50,85247.25,649.624709301473,1.90054304786796
1,2021-09-29 10:30:17,GOA,1996,30100,silvergray rockfish,Sebastes brevispinis,Female,51,90399,610.686843881016,27.2165184831587
1,2021-09-29 10:30:17,GOA,1996,30100,silvergray rockfish,Sebastes brevispinis,Female,52,33186.9,649.99499802633,23.7471790545315
1,2021-09-29 10:30:17,GOA,1996,30100,silvergray rockfish,Sebastes brevispinis,Female,53,7858.4,682.39387152601,13.0510790303625
1,2021-09-29 10:30:17,GOA,1996,30100,silvergray rockfish,Sebastes brevispinis,Female,54,8286.33333333333,700,0
1,2021-09-29 10:30:17,GOA,1996,30100,silvergray rockfish,Sebastes brevispinis,Female,55,2578.8,670,0
1,2021-09-29 10:30:17,GOA,1996,30100,silvergray rockfish,Sebastes brevispinis,Female,56,7858.4,682.39387152601,13.0510790303625
1,2021-09-29 10:30:17,GOA,1996,30100,silvergray rockfish,Sebastes brevispinis,Female,57,23805.8,590,0
1,2021-09-29 10:30:17,GOA,1996,30100,silvergray rockfish,Sebastes brevispinis,Female,58,12076,680,0
1,2021-09-29 10:30:17,GOA,1996,30100,silvergray rockfish,Sebastes brevispinis,Female,59,2578.8,670,0
1,2021-09-29 10:30:17,GOA,1996,30100,silvergray rockfish,Sebastes brevispinis,Female,63,5866,690,0
1,2021-09-29 10:30:17,GOA,1996,30100,silvergray rockfish,Sebastes brevispinis,Male,-9,127863,355.14699326623,18.9851899908813
1,2021-09-29 10:30:17,GOA,1996,30100,silvergray rockfish,Sebastes brevispinis,Male,9,21155,420,0
1,2021-09-29 10:30:17,GOA,1996,30100,silvergray rockfish,Sebastes brevispinis,Male,11,209819.128205128,490.734359239325,8.1367740059571
1,2021-09-29 10:30:17,GOA,1996,30100,silvergray rockfish,Sebastes brevispinis,Male,12,122753.216666667,464.103774334223,29.7179917930831
1,2021-09-29 10:30:17,GOA,1996,30100,silvergray rockfish,Sebastes brevispinis,Male,13,852206.467697335,462.649486550495,21.7196042599262
1,2021-09-29 10:30:17,GOA,1996,30100,silvergray rockfish,Sebastes brevispinis,Male,14,1139933.01201609,477.060611708718,26.4472473137083
1,2021-09-29 10:30:17,GOA,1996,30100,silvergray rockfish,Sebastes brevispinis,Male,15,1489847.72471091,474.56005721007,31.3995266738935
1,2021-09-29 10:30:17,GOA,1996,30100,silvergray rockfish,Sebastes brevispinis,Male,16,1034180.16025282,490.686815256388,27.515787195822
1,2021-09-29 10:30:17,GOA,1996,30100,silvergray rockfish,Sebastes brevispinis,Male,17,755710.258593694,483.464037124143,27.3245577162276
1,2021-09-29 10:30:17,GOA,1996,30100,silvergray rockfish,Sebastes brevispinis,Male,18,237717.020081879,500.360532735424,30.3774956809957
1,2021-09-29 10:30:17,GOA,1996,30100,silvergray rockfish,Sebastes brevispinis,Male,19,433116.961965812,491.218972008381,28.6574867849895
1,2021-09-29 10:30:17,GOA,1996,30100,silvergray rockfish,Sebastes brevispinis,Male,20,126394.993464052,503.798675218479,51.3431658542614
1,2021-09-29 10:30:17,GOA,1996,30100,silvergray rockfish,Sebastes brevispinis,Male,21,111953.866666667,497.733971373923,19.8712132056854
1,2021-09-29 10:30:17,GOA,1996,30100,silvergray rockfish,Sebastes brevispinis,Male,22,223954.108543417,516.053919666359,26.5749535255016
1,2021-09-29 10:30:17,GOA,1996,30100,silvergray rockfish,Sebastes brevispinis,Male,23,177820.358974359,508.420158690837,8.3143336003479
1,2021-09-29 10:30:17,GOA,1996,30100,silvergray rockfish,Sebastes brevispinis,Male,24,301917.385164835,513.807901048311,22.627781965891
1,2021-09-29 10:30:17,GOA,1996,30100,silvergray rockfish,Sebastes brevispinis,Male,25,49634.6666666667,520,0
1,2021-09-29 10:30:17,GOA,1996,30100,silvergray rockfish,Sebastes brevispinis,Male,26,204174.322649573,523.998595322166,21.7258572737343
1,2021-09-29 10:30:17,GOA,1996,30100,silvergray rockfish,Sebastes brevispinis,Male,27,26628.3333333333,550,0
1,2021-09-29 10:30:17,GOA,1996,30100,silvergray rockfish,Sebastes brevispinis,Male,28,104100.980769231,520.305906746242,9.99531995799147
1,2021-09-29 10:30:17,GOA,1996,30100,silvergray rockfish,Sebastes brevispinis,Male,29,50458.2307692308,510,
1,2021-09-29 10:30:17,GOA,1996,30100,silvergray rockfish,Sebastes brevispinis,Male,30,104804.865079365,557.359749369444,18.5331174494843
1,2021-09-29 10:30:17,GOA,1996,30100,silvergray rockfish,Sebastes brevispinis,Male,31,11645.5,580,0
1,2021-09-29 10:30:17,GOA,1996,30100,silvergray rockfish,Sebastes brevispinis,Male,32,131370.211538462,512.249980274477,14.7457584243469
1,2021-09-29 10:30:17,GOA,1996,30100,silvergray rockfish,Sebastes brevispinis,Male,34,62195.6666666667,542.215534844335,44.1608292999234
1,2021-09-29 10:30:17,GOA,1996,30100,silvergray rockfish,Sebastes brevispinis,Male,35,10225.3333333333,600,0
1,2021-09-29 10:30:17,GOA,1996,30100,silvergray rockfish,Sebastes brevispinis,Male,36,65235.1111111111,540,0
1,2021-09-29 10:30:17,GOA,1996,30100,silvergray rockfish,Sebastes brevispinis,Male,37,104833,541.246649432908,21.4128012961378
1,2021-09-29 10:30:17,GOA,1996,30100,silvergray rockfish,Sebastes brevispinis,Male,40,10225.3333333333,600,0
1,2021-09-29 10:30:17,GOA,1996,30100,silvergray rockfish,Sebastes brevispinis,Male,41,11645.5,580,0
1,2021-09-29 10:30:17,GOA,1996,30100,silvergray rockfish,Sebastes brevispinis,Male,42,25424.6666666667,602.137818916013,14.7243987803413
1,2021-09-29 10:30:17,GOA,1996,30100,silvergray rockfish,Sebastes brevispinis,Male,45,61052.6984126984,553.202575448741,19.0230718948599
1,2021-09-29 10:30:17,GOA,1996,30100,silvergray rockfish,Sebastes brevispinis,Male,46,82212.75,543.900520296426,19.047213637319
1,2021-09-29 10:30:17,GOA,1996,30100,silvergray rockfish,Sebastes brevispinis,Male,47,31375.3333333333,559.077831842424,21.5002995231721
1,2021-09-29 10:30:17,GOA,1996,30100,silvergray rockfish,Sebastes brevispinis,Male,48,4747,610,0
1,2021-09-29 10:30:17,GOA,1996,30100,silvergray rockfish,Sebastes brevispinis,Male,50,17855.6666666667,607.283028730375,14.825241307187
1,2021-09-29 10:30:17,GOA,1996,30100,silvergray rockfish,Sebastes brevispinis,Male,52,7569,590,0
1,2021-09-29 10:30:17,GOA,1996,30100,silvergray rockfish,Sebastes brevispinis,Male,54,5288,650,0
1,2021-09-29 10:30:17,GOA,1996,30100,silvergray rockfish,Sebastes brevispinis,Male,57,12561,630,0
1,2021-09-29 10:30:17,GOA,1996,30100,silvergray rockfish,Sebastes brevispinis,Male,58,11645.5,580,0
1,2021-09-29 10:30:17,GOA,1996,30100,silvergray rockfish,Sebastes brevispinis,Male,60,10286.6666666667,620,0
1,2021-09-29 10:30:17,GOA,1996,30100,silvergray rockfish,Sebastes brevispinis,Male,63,4747,610,0
1,2021-09-29 10:30:17,GOA,1996,30430,redstripe rockfish,Sebastes proriger,Female,-9,13396621,353.600826656214,33.7757272968473
1,2021-09-29 10:30:17,GOA,1996,30430,redstripe rockfish,Sebastes proriger,Female,4,9969.33333333333,220,0
1,2021-09-29 10:30:17,GOA,1996,30430,redstripe rockfish,Sebastes proriger,Female,5,221814.333333333,250.109716384424,17.2399441350426
1,2021-09-29 10:30:17,GOA,1996,30430,redstripe rockfish,Sebastes proriger,Female,6,455940.892857143,283.349458282696,7.68734999354457
1,2021-09-29 10:30:17,GOA,1996,30430,redstripe rockfish,Sebastes proriger,Female,7,296997.171550672,310.035929906438,21.3983301165732
1,2021-09-29 10:30:17,GOA,1996,30430,redstripe rockfish,Sebastes proriger,Female,8,799672.22845292,311.735440343701,19.0855467557402
1,2021-09-29 10:30:17,GOA,1996,30430,redstripe rockfish,Sebastes proriger,Female,9,1029070.37146089,329.559590843447,14.5945521694785
1,2021-09-29 10:30:17,GOA,1996,30430,redstripe rockfish,Sebastes proriger,Female,10,643266.277211269,351.807709945356,20.4296344229484
1,2021-09-29 10:30:17,GOA,1996,30430,redstripe rockfish,Sebastes proriger,Female,11,619605.434733894,354.560262074653,12.8945503980557
1,2021-09-29 10:30:17,GOA,1996,30430,redstripe rockfish,Sebastes proriger,Female,12,896632.15045608,357.741513793182,13.9049666750304
1,2021-09-29 10:30:17,GOA,1996,30430,redstripe rockfish,Sebastes proriger,Female,13,1727984.10303544,353.262811947451,16.5924944309719
1,2021-09-29 10:30:17,GOA,1996,30430,redstripe rockfish,Sebastes proriger,Female,14,2382453.26764437,364.202918864388,15.4971078635278
1,2021-09-29 10:30:17,GOA,1996,30430,redstripe rockfish,Sebastes proriger,Female,15,1545638.63037061,361.28630596007,20.3061952942873
1,2021-09-29 10:30:17,GOA,1996,30430,redstripe rockfish,Sebastes proriger,Female,16,841853.662828593,365.823454295742,14.2008868787311
1,2021-09-29 10:30:17,GOA,1996,30430,redstripe rockfish,Sebastes proriger,Female,17,298723.9872558,377.131532336751,18.7879610923304
1,2021-09-29 10:30:17,GOA,1996,30430,redstripe rockfish,Sebastes proriger,Female,18,122045.1875,385.484525967073,8.92247130888993
1,2021-09-29 10:30:17,GOA,1996,30430,redstripe rockfish,Sebastes proriger,Female,19,40209.4444444444,426.247039805463,12.1813664189538
1,2021-09-29 10:30:17,GOA,1996,30430,redstripe rockfish,Sebastes proriger,Female,20,252273.047619048,382.754132867625,24.2804957486158
1,2021-09-29 10:30:17,GOA,1996,30430,redstripe rockfish,Sebastes proriger,Female,21,189685.055555556,423.460387994017,8.44048995020095
1,2021-09-29 10:30:17,GOA,1996,30430,redstripe rockfish,Sebastes proriger,Female,22,88577.1875,380,0
1,2021-09-29 10:30:17,GOA,1996,30430,redstripe rockfish,Sebastes proriger,Female,23,166470.992063492,373.48647376241,25.8368166016433
1,2021-09-29 10:30:17,GOA,1996,30430,redstripe rockfish,Sebastes proriger,Female,24,267960.069852941,386.434300535379,17.6083186174437
1,2021-09-29 10:30:17,GOA,1996,30430,redstripe rockfish,Sebastes proriger,Female,25,168264.055555556,421.292905033854,12.5697611206379
1,2021-09-29 10:30:17,GOA,1996,30430,redstripe rockfish,Sebastes proriger,Female,26,77941.5555555555,414.084656024315,4.9155005244738
1,2021-09-29 10:30:17,GOA,1996,30430,redstripe rockfish,Sebastes proriger,Female,27,31836.4444444444,420,0
1,2021-09-29 10:30:17,GOA,1996,30430,redstripe rockfish,Sebastes proriger,Female,28,169687.307692308,402.290279531255,10.5637794164797
1,2021-09-29 10:30:17,GOA,1996,30430,redstripe rockfish,Sebastes proriger,Female,30,52048.8076923077,394.021705957943,13.5982049949619
1,2021-09-29 10:30:17,GOA,1996,30430,redstripe rockfish,Sebastes proriger,Male,-9,14569,250,0
1,2021-09-29 10:30:17,GOA,1996,30430,redstripe rockfish,Sebastes proriger,Male,4,6370.25,230,0
1,2021-09-29 10:30:17,GOA,1996,30430,redstripe rockfish,Sebastes proriger,Male,5,51674.8,244.381265142778,11.9329489978173
1,2021-09-29 10:30:17,GOA,1996,30430,redstripe rockfish,Sebastes proriger,Male,6,477022.45,267.285448515054,12.0240304544673
1,2021-09-29 10:30:17,GOA,1996,30430,redstripe rockfish,Sebastes proriger,Male,7,254789.233333333,280.831547434566,7.20013084681125
1,2021-09-29 10:30:17,GOA,1996,30430,redstripe rockfish,Sebastes proriger,Male,8,253090.180701754,299.054974531199,16.2171295023692
1,2021-09-29 10:30:17,GOA,1996,30430,redstripe rockfish,Sebastes proriger,Male,9,1164106.62807018,315.191729783938,15.7406041953321
1,2021-09-29 10:30:17,GOA,1996,30430,redstripe rockfish,Sebastes proriger,Male,10,892751.188888889,320.906257730862,13.8450482528948
1,2021-09-29 10:30:17,GOA,1996,30430,redstripe rockfish,Sebastes proriger,Male,11,466866.183625731,317.509850569225,22.4984473391011
1,2021-09-29 10:30:17,GOA,1996,30430,redstripe rockfish,Sebastes proriger,Male,12,981587.205847953,319.85131099183,13.6396032538281
1,2021-09-29 10:30:17,GOA,1996,30430,redstripe rockfish,Sebastes proriger,Male,13,1123743.07280702,309.263127624002,14.8701910992819
1,2021-09-29 10:30:17,GOA,1996,30430,redstripe rockfish,Sebastes proriger,Male,14,4076158.88421053,322.70544335874,14.3402025143365
1,2021-09-29 10:30:17,GOA,1996,30430,redstripe rockfish,Sebastes proriger,Male,15,4774351.41111111,325.230339477851,12.3608693045533
1,2021-09-29 10:30:17,GOA,1996,30430,redstripe rockfish,Sebastes proriger,Male,16,444801,340,0
1,2021-09-29 10:30:17,GOA,1996,30430,redstripe rockfish,Sebastes proriger,Male,17,429634.780701754,323.763028022679,17.1501876138116
1,2021-09-29 10:30:17,GOA,1996,30430,redstripe rockfish,Sebastes proriger,Male,19,140128.583333333,313.762936778899,14.5470448384525
1,2021-09-29 10:30:17,GOA,1996,30430,redstripe rockfish,Sebastes proriger,Male,20,303091.5,345.324530711023,8.83968251284015
1,2021-09-29 10:30:17,GOA,1996,30430,redstripe rockfish,Sebastes proriger,Male,21,8788.25,370,0
1,2021-09-29 10:30:17,GOA,1996,30430,redstripe rockfish,Sebastes proriger,Male,24,144978.888888889,350,0
1,2021-09-29 10:30:17,GOA,1996,30430,redstripe rockfish,Sebastes proriger,Male,25,222400.5,340,0
1,2021-09-29 10:30:17,GOA,1996,30430,redstripe rockfish,Sebastes proriger,Male,27,498719.722222222,335.006371314104,15.5291141995894
1,2021-09-29 10:30:17,GOA,1996,30430,redstripe rockfish,Sebastes proriger,Male,28,427626.783333333,349.304403563434,24.1731192691001
1,2021-09-29 10:30:17,GOA,1996,30430,redstripe rockfish,Sebastes proriger,Male,29,220872.83625731,332.819538007832,23.7456274994799
1,2021-09-29 10:30:17,GOA,1996,30430,redstripe rockfish,Sebastes proriger,Male,30,80691,360,0
1,2021-09-29 10:30:17,GOA,1996,30430,redstripe rockfish,Sebastes proriger,Male,33,144978.888888889,350,0
1,2021-09-29 10:30:17,GOA,1996,30430,redstripe rockfish,Sebastes proriger,Male,35,289957.777777778,350,0
1,2021-09-29 10:30:17,GOA,1996,30430,redstripe rockfish,Sebastes proriger,Male,36,80691,360,0
1,2021-09-29 10:30:17,GOA,1996,30535,harlequin rockfish,Sebastes variegatus,Female,-9,17450,252.782808022923,134.775472172344
1,2021-09-29 10:30:17,GOA,1996,30535,harlequin rockfish,Sebastes variegatus,Female,3,13822.5,150,0
1,2021-09-29 10:30:17,GOA,1996,30535,harlequin rockfish,Sebastes variegatus,Female,4,817332.2,169.304928889379,12.562058648856
1,2021-09-29 10:30:17,GOA,1996,30535,harlequin rockfish,Sebastes variegatus,Female,5,1739108.6,176.932511287679,14.7717260056408
1,2021-09-29 10:30:17,GOA,1996,30535,harlequin rockfish,Sebastes variegatus,Female,6,2556252.1169389,207.582028883741,29.0245388300722
1,2021-09-29 10:30:17,GOA,1996,30535,harlequin rockfish,Sebastes variegatus,Female,7,1933294.75884923,233.105170889309,31.8438663139626
1,2021-09-29 10:30:17,GOA,1996,30535,harlequin rockfish,Sebastes variegatus,Female,8,2328225.601552,248.09338821012,41.7079272201049
1,2021-09-29 10:30:17,GOA,1996,30535,harlequin rockfish,Sebastes variegatus,Female,9,3550321.49794858,251.220137180018,21.4846896000792
1,2021-09-29 10:30:17,GOA,1996,30535,harlequin rockfish,Sebastes variegatus,Female,10,5599255.42918325,250.766957294245,22.0493628818937
1,2021-09-29 10:30:17,GOA,1996,30535,harlequin rockfish,Sebastes variegatus,Female,11,3270732.67338845,262.885606426066,23.3962710040212
1,2021-09-29 10:30:17,GOA,1996,30535,harlequin rockfish,Sebastes variegatus,Female,12,5585747.77105326,262.613581196891,23.4229767380227
1,2021-09-29 10:30:17,GOA,1996,30535,harlequin rockfish,Sebastes variegatus,Female,13,2663190.4246238,267.042515837299,22.3291297747238
1,2021-09-29 10:30:17,GOA,1996,30535,harlequin rockfish,Sebastes variegatus,Female,14,2381018.51582517,266.566504573671,26.6447305648079
1,2021-09-29 10:30:17,GOA,1996,30535,harlequin rockfish,Sebastes variegatus,Female,15,2635473.31121384,259.652493400689,19.7808370801103
1,2021-09-29 10:30:17,GOA,1996,30535,harlequin rockfish,Sebastes variegatus,Female,16,1814833.63643734,265.788716292517,21.6682595084987
1,2021-09-29 10:30:17,GOA,1996,30535,harlequin rockfish,Sebastes variegatus,Female,17,1212891.32592593,279.018789592147,21.6644807023603
1,2021-09-29 10:30:17,GOA,1996,30535,harlequin rockfish,Sebastes variegatus,Female,18,1867488.49974457,273.071946074261,16.1472114124652
1,2021-09-29 10:30:17,GOA,1996,30535,harlequin rockfish,Sebastes variegatus,Female,19,950428.824074074,279.847872918728,18.5852331595941
1,2021-09-29 10:30:17,GOA,1996,30535,harlequin rockfish,Sebastes variegatus,Female,20,247549.962962963,270,0
1,2021-09-29 10:30:17,GOA,1996,30535,harlequin rockfish,Sebastes variegatus,Female,21,801860.890038314,281.500085741886,19.6079915375539
1,2021-09-29 10:30:17,GOA,1996,30535,harlequin rockfish,Sebastes variegatus,Female,22,662074.74559387,276.060849228026,18.280332172293
1,2021-09-29 10:30:17,GOA,1996,30535,harlequin rockfish,Sebastes variegatus,Female,23,572110.216666667,289.436804615707,8.27294131484819
1,2021-09-29 10:30:17,GOA,1996,30535,harlequin rockfish,Sebastes variegatus,Female,24,178891.328282828,319.53034773693,8.39600319153116
1,2021-09-29 10:30:17,GOA,1996,30535,harlequin rockfish,Sebastes variegatus,Female,25,383780.450505051,310.78198994803,22.3999741366786
1,2021-09-29 10:30:17,GOA,1996,30535,harlequin rockfish,Sebastes variegatus,Female,26,292017.800505051,309.654549822526,12.6705969519593
1,2021-09-29 10:30:17,GOA,1996,30535,harlequin rockfish,Sebastes variegatus,Female,27,298733.383838384,317.460859071491,7.64704291183449
1,2021-09-29 10:30:17,GOA,1996,30535,harlequin rockfish,Sebastes variegatus,Female,28,329667.722222222,315.912404392369,10.304711233478
1,2021-09-29 10:30:17,GOA,1996,30535,harlequin rockfish,Sebastes variegatus,Female,29,172233.166666667,316.08374242024,4.8811374050047
1,2021-09-29 10:30:17,GOA,1996,30535,harlequin rockfish,Sebastes variegatus,Female,30,135041.217171717,322.540211722115,15.6633642594476
1,2021-09-29 10:30:17,GOA,1996,30535,harlequin rockfish,Sebastes variegatus,Female,31,178734.4,290,0
1,2021-09-29 10:30:17,GOA,1996,30535,harlequin rockfish,Sebastes variegatus,Female,32,270561.027777778,306.657066587052,13.7410580091545
1,2021-09-29 10:30:17,GOA,1996,30535,harlequin rockfish,Sebastes variegatus,Female,33,231125.511111111,296.800345516933,12.5604803394733
1,2021-09-29 10:30:17,GOA,1996,30535,harlequin rockfish,Sebastes variegatus,Female,35,52391.1111111111,320,0
1,2021-09-29 10:30:17,GOA,1996,30535,harlequin rockfish,Sebastes variegatus,Female,36,59049.2727272727,330,0
1,2021-09-29 10:30:17,GOA,1996,30535,harlequin rockfish,Sebastes variegatus,Female,37,59049.2727272727,330,0
1,2021-09-29 10:30:17,GOA,1996,30535,harlequin rockfish,Sebastes variegatus,Female,41,61673.8333333333,340,0
1,2021-09-29 10:30:17,GOA,1996,30535,harlequin rockfish,Sebastes variegatus,Male,-9,298078,127.692449627279,11.3410913563454
1,2021-09-29 10:30:17,GOA,1996,30535,harlequin rockfish,Sebastes variegatus,Male,4,2447632.62592138,174.678207242732,24.3115284959748
1,2021-09-29 10:30:17,GOA,1996,30535,harlequin rockfish,Sebastes variegatus,Male,5,2509916.78341308,180.165997423521,24.2656737872587
1,2021-09-29 10:30:17,GOA,1996,30535,harlequin rockfish,Sebastes variegatus,Male,6,2880261.54180882,203.137640189016,17.5707115845436
1,2021-09-29 10:30:17,GOA,1996,30535,harlequin rockfish,Sebastes variegatus,Male,7,3066778.30849206,214.127136150394,31.9073243714723
1,2021-09-29 10:30:17,GOA,1996,30535,harlequin rockfish,Sebastes variegatus,Male,8,2059132.41014747,214.094181828777,26.3280622853856
1,2021-09-29 10:30:17,GOA,1996,30535,harlequin rockfish,Sebastes variegatus,Male,9,4539657.63313975,235.005848836278,19.831876537138
1,2021-09-29 10:30:17,GOA,1996,30535,harlequin rockfish,Sebastes variegatus,Male,10,7709244.6509998,241.282785619344,23.4450524228814
1,2021-09-29 10:30:17,GOA,1996,30535,harlequin rockfish,Sebastes variegatus,Male,11,3992176.60284174,232.63224324669,18.8454830987058
1,2021-09-29 10:30:17,GOA,1996,30535,harlequin rockfish,Sebastes variegatus,Male,12,2973564.64230428,258.350650239124,32.7553653801161
1,2021-09-29 10:30:17,GOA,1996,30535,harlequin rockfish,Sebastes variegatus,Male,13,5000135.05115854,249.166321320363,15.4175821659376
1,2021-09-29 10:30:17,GOA,1996,30535,harlequin rockfish,Sebastes variegatus,Male,14,3807880.52039499,247.733062861687,13.9916509878932
1,2021-09-29 10:30:17,GOA,1996,30535,harlequin rockfish,Sebastes variegatus,Male,15,2213393.92390499,251.012662644978,20.489481089347
1,2021-09-29 10:30:17,GOA,1996,30535,harlequin rockfish,Sebastes variegatus,Male,16,1046403.86010431,243.84096692566,18.8299618830506
1,2021-09-29 10:30:17,GOA,1996,30535,harlequin rockfish,Sebastes variegatus,Male,17,1260514.44459307,257.220820959313,12.0202926172092
1,2021-09-29 10:30:17,GOA,1996,30535,harlequin rockfish,Sebastes variegatus,Male,18,941437.474241158,268.447430857089,10.3547049587974
1,2021-09-29 10:30:17,GOA,1996,30535,harlequin rockfish,Sebastes variegatus,Male,19,270683.838624339,268.707037323293,19.4571955545951
1,2021-09-29 10:30:17,GOA,1996,30535,harlequin rockfish,Sebastes variegatus,Male,20,323618.438122333,250.886412111286,14.4249226924032
1,2021-09-29 10:30:17,GOA,1996,30535,harlequin rockfish,Sebastes variegatus,Male,21,256095.612903226,250,0
1,2021-09-29 10:30:17,GOA,1996,30535,harlequin rockfish,Sebastes variegatus,Male,22,186992.666666667,280,0
1,2021-09-29 10:30:17,GOA,1996,30535,harlequin rockfish,Sebastes variegatus,Male,23,605687.559139785,254.630918957595,10.8389186885057
1,2021-09-29 10:30:17,GOA,1996,30535,harlequin rockfish,Sebastes variegatus,Male,24,93496.3333333333,280,0
1,2021-09-29 10:30:17,GOA,1996,30535,harlequin rockfish,Sebastes variegatus,Male,25,210931.122807018,274.432552773109,4.9676960096928
1,2021-09-29 10:30:17,GOA,1996,30535,harlequin rockfish,Sebastes variegatus,Male,26,294566.552910053,267.518987206716,13.0013248396744
1,2021-09-29 10:30:17,GOA,1996,30535,harlequin rockfish,Sebastes variegatus,Male,27,110447.616883117,296.631115543815,9.41544568891321
1,2021-09-29 10:30:17,GOA,1996,30535,harlequin rockfish,Sebastes variegatus,Male,29,77588.9025974026,304.719688541615,4.99213636495391
1,2021-09-29 10:30:17,GOA,1996,30535,harlequin rockfish,Sebastes variegatus,Male,31,81938.7142857143,300,0
1,2021-09-29 10:30:17,GOA,1996,30535,harlequin rockfish,Sebastes variegatus,Male,33,40969.3571428571,300,0
1,2021-09-29 10:30:17,GOA,1996,30535,harlequin rockfish,Sebastes variegatus,Male,34,73828.0714285714,290,0
1,2021-09-29 10:30:17,GOA,1996,30535,harlequin rockfish,Sebastes variegatus,Male,35,36619.5454545455,310,0
1,2021-09-29 10:30:17,GOA,1996,30535,harlequin rockfish,Sebastes variegatus,Male,37,73828.0714285714,290,0
1,2021-09-29 10:30:17,GOA,1996,30535,harlequin rockfish,Sebastes variegatus,Male,41,117434.789473684,270,0
1,2021-09-29 10:30:17,GOA,1996,30535,harlequin rockfish,Sebastes variegatus,Male,47,93496.3333333333,280,0
1,2021-09-29 10:30:17,GOA,1996,30560,sharpchin rockfish,Sebastes zacentrus,Female,-9,219507,319.937951864861,106.348547701507
1,2021-09-29 10:30:17,GOA,1996,30560,sharpchin rockfish,Sebastes zacentrus,Female,4,205250.833333333,162.396993922071,7.50526181786506
1,2021-09-29 10:30:17,GOA,1996,30560,sharpchin rockfish,Sebastes zacentrus,Female,5,840480.462626263,195.028347866896,13.8711577455182
1,2021-09-29 10:30:17,GOA,1996,30560,sharpchin rockfish,Sebastes zacentrus,Female,6,4517023.82640693,213.912367547246,14.8756652776763
1,2021-09-29 10:30:17,GOA,1996,30560,sharpchin rockfish,Sebastes zacentrus,Female,7,2806991.32611833,222.708433850642,15.5751808250347
1,2021-09-29 10:30:17,GOA,1996,30560,sharpchin rockfish,Sebastes zacentrus,Female,8,3243783.47297089,259.641112063138,22.2583556642907
1,2021-09-29 10:30:17,GOA,1996,30560,sharpchin rockfish,Sebastes zacentrus,Female,9,12894194.1582803,266.627155603004,16.2676803476214
1,2021-09-29 10:30:17,GOA,1996,30560,sharpchin rockfish,Sebastes zacentrus,Female,10,15075636.3688873,277.568732401195,19.5102088377093
1,2021-09-29 10:30:17,GOA,1996,30560,sharpchin rockfish,Sebastes zacentrus,Female,11,6104398.67093745,287.485070118338,26.3730154204117
1,2021-09-29 10:30:17,GOA,1996,30560,sharpchin rockfish,Sebastes zacentrus,Female,12,10587542.3716067,292.236823475754,15.7459714350179
1,2021-09-29 10:30:17,GOA,1996,30560,sharpchin rockfish,Sebastes zacentrus,Female,13,13665290.3336573,299.06481154587,14.8490539084116
1,2021-09-29 10:30:17,GOA,1996,30560,sharpchin rockfish,Sebastes zacentrus,Female,14,4532605.20660535,311.091698139928,11.5873116299968
1,2021-09-29 10:30:17,GOA,1996,30560,sharpchin rockfish,Sebastes zacentrus,Female,15,9010531.82431916,307.268407141276,19.0483671509886
1,2021-09-29 10:30:17,GOA,1996,30560,sharpchin rockfish,Sebastes zacentrus,Female,16,9148603.65190715,301.442259906644,18.7671811938438
1,2021-09-29 10:30:17,GOA,1996,30560,sharpchin rockfish,Sebastes zacentrus,Female,17,4533495.67872671,312.457587202866,14.9690155518901
1,2021-09-29 10:30:17,GOA,1996,30560,sharpchin rockfish,Sebastes zacentrus,Female,18,2484569.02747253,301.468527023358,19.4095352256335
1,2021-09-29 10:30:17,GOA,1996,30560,sharpchin rockfish,Sebastes zacentrus,Female,19,2437027.08600096,308.395451193973,18.39772999325
1,2021-09-29 10:30:17,GOA,1996,30560,sharpchin rockfish,Sebastes zacentrus,Female,20,2186625.67267081,328.612465287148,15.8567293994283
1,2021-09-29 10:30:17,GOA,1996,30560,sharpchin rockfish,Sebastes zacentrus,Female,21,2328568.49423077,325.990229717041,7.29835358770986
1,2021-09-29 10:30:17,GOA,1996,30560,sharpchin rockfish,Sebastes zacentrus,Female,22,1691460.94423077,328.246516267422,7.39747785888273
1,2021-09-29 10:30:17,GOA,1996,30560,sharpchin rockfish,Sebastes zacentrus,Female,23,3556773.53489011,334.146776434847,10.1672916513799
1,2021-09-29 10:30:17,GOA,1996,30560,sharpchin rockfish,Sebastes zacentrus,Female,24,1298475.74642857,332.657856481389,12.9254133612617
1,2021-09-29 10:30:17,GOA,1996,30560,sharpchin rockfish,Sebastes zacentrus,Female,25,841453.035714286,341.906556621762,3.92818126689828
1,2021-09-29 10:30:17,GOA,1996,30560,sharpchin rockfish,Sebastes zacentrus,Female,26,874268.554945055,333.669988696422,7.74150869640894
1,2021-09-29 10:30:17,GOA,1996,30560,sharpchin rockfish,Sebastes zacentrus,Female,27,1034696.34065934,336.201927248029,9.25065637512904
1,2021-09-29 10:30:17,GOA,1996,30560,sharpchin rockfish,Sebastes zacentrus,Female,28,863431.769230769,335.197550240708,11.3539411094367
1,2021-09-29 10:30:17,GOA,1996,30560,sharpchin rockfish,Sebastes zacentrus,Female,30,602054.291666667,350.547786284224,12.46933310244
1,2021-09-29 10:30:17,GOA,1996,30560,sharpchin rockfish,Sebastes zacentrus,Female,31,612891.077380952,348.097357002406,11.1804455385542
1,2021-09-29 10:30:17,GOA,1996,30560,sharpchin rockfish,Sebastes zacentrus,Female,32,310018.785714286,354.825223724922,4.99694439169019
1,2021-09-29 10:30:17,GOA,1996,30560,sharpchin rockfish,Sebastes zacentrus,Female,34,261541.666666667,364.28041421061,4.94794869533806
1,2021-09-29 10:30:17,GOA,1996,30560,sharpchin rockfish,Sebastes zacentrus,Female,35,149591,360,0
1,2021-09-29 10:30:17,GOA,1996,30560,sharpchin rockfish,Sebastes zacentrus,Female,37,149591,360,0
1,2021-09-29 10:30:17,GOA,1996,30560,sharpchin rockfish,Sebastes zacentrus,Female,39,149591,360,0
1,2021-09-29 10:30:17,GOA,1996,30560,sharpchin rockfish,Sebastes zacentrus,Female,48,160427.785714286,350,0
1,2021-09-29 10:30:17,GOA,1996,30560,sharpchin rockfish,Sebastes zacentrus,Male,-9,667560,218.597039966445,93.8387516565931
1,2021-09-29 10:30:17,GOA,1996,30560,sharpchin rockfish,Sebastes zacentrus,Male,2,18613,120,0
1,2021-09-29 10:30:17,GOA,1996,30560,sharpchin rockfish,Sebastes zacentrus,Male,3,208730.166666667,186.302762497994,13.0840479192819
1,2021-09-29 10:30:17,GOA,1996,30560,sharpchin rockfish,Sebastes zacentrus,Male,4,206415.5,164.078133667288,8.30749817021833
1,2021-09-29 10:30:17,GOA,1996,30560,sharpchin rockfish,Sebastes zacentrus,Male,5,3272020.225,190.71378791676,15.0627877948971
1,2021-09-29 10:30:17,GOA,1996,30560,sharpchin rockfish,Sebastes zacentrus,Male,6,5658107.8599359,206.277293887044,14.0511468194115
1,2021-09-29 10:30:17,GOA,1996,30560,sharpchin rockfish,Sebastes zacentrus,Male,7,2790037.56570513,215.942753639321,14.0072282803772
1,2021-09-29 10:30:17,GOA,1996,30560,sharpchin rockfish,Sebastes zacentrus,Male,8,2264567.46903846,225.38100235784,15.1370849763041
1,2021-09-29 10:30:17,GOA,1996,30560,sharpchin rockfish,Sebastes zacentrus,Male,9,8929813.4632265,236.910010945506,13.0475069848342
1,2021-09-29 10:30:17,GOA,1996,30560,sharpchin rockfish,Sebastes zacentrus,Male,10,11375277.2174573,244.533753230043,17.6109820860096
1,2021-09-29 10:30:17,GOA,1996,30560,sharpchin rockfish,Sebastes zacentrus,Male,11,5176588.58462251,240.822595168202,17.1122783494871
1,2021-09-29 10:30:17,GOA,1996,30560,sharpchin rockfish,Sebastes zacentrus,Male,12,8143142.30650997,256.02141390584,12.5313223519159
1,2021-09-29 10:30:17,GOA,1996,30560,sharpchin rockfish,Sebastes zacentrus,Male,13,15801486.2396907,249.40176071759,15.4549049374846
1,2021-09-29 10:30:17,GOA,1996,30560,sharpchin rockfish,Sebastes zacentrus,Male,14,11831998.5452116,257.181579437035,14.5305245111285
1,2021-09-29 10:30:17,GOA,1996,30560,sharpchin rockfish,Sebastes zacentrus,Male,15,5062129.57198413,260.956237835225,13.0736099417863
1,2021-09-29 10:30:17,GOA,1996,30560,sharpchin rockfish,Sebastes zacentrus,Male,16,2742141.39214489,255.365986789483,14.7936575308101
1,2021-09-29 10:30:17,GOA,1996,30560,sharpchin rockfish,Sebastes zacentrus,Male,17,1363657.74862637,259.735046923396,23.1408935129617
1,2021-09-29 10:30:17,GOA,1996,30560,sharpchin rockfish,Sebastes zacentrus,Male,18,611149.740740741,260,0
1,2021-09-29 10:30:17,GOA,1996,30560,sharpchin rockfish,Sebastes zacentrus,Male,19,1447510.89285714,275.665657833071,9.05470942671078
1,2021-09-29 10:30:17,GOA,1996,30560,sharpchin rockfish,Sebastes zacentrus,Male,20,404451.142857143,280,0
1,2021-09-29 10:30:17,GOA,1996,30560,sharpchin rockfish,Sebastes zacentrus,Male,21,633279.037037037,250,
1,2021-09-29 10:30:17,GOA,1996,30560,sharpchin rockfish,Sebastes zacentrus,Male,22,771832.037037037,258.975592703555,19.1890169315069
1,2021-09-29 10:30:17,GOA,1996,30560,sharpchin rockfish,Sebastes zacentrus,Male,24,852965.169312169,268.504993073742,13.5209054810627
1,2021-09-29 10:30:17,GOA,1996,30560,sharpchin rockfish,Sebastes zacentrus,Male,25,694068.803571429,276.968053522277,9.52928646626909
1,2021-09-29 10:30:17,GOA,1996,30560,sharpchin rockfish,Sebastes zacentrus,Male,26,452253.375,270,0
1,2021-09-29 10:30:17,GOA,1996,30560,sharpchin rockfish,Sebastes zacentrus,Male,27,483630.857142857,290,0
1,2021-09-29 10:30:17,GOA,1996,30560,sharpchin rockfish,Sebastes zacentrus,Male,29,404451.142857143,280,0
1,2021-09-29 10:30:17,GOA,1996,30560,sharpchin rockfish,Sebastes zacentrus,Male,31,611149.740740741,260,0
1,2021-09-29 10:30:17,GOA,1996,30560,sharpchin rockfish,Sebastes zacentrus,Male,32,452253.375,270,0
1,2021-09-29 10:30:17,GOA,1996,30560,sharpchin rockfish,Sebastes zacentrus,Male,36,611149.740740741,260,0
1,2021-09-29 10:30:17,GOA,1996,30560,sharpchin rockfish,Sebastes zacentrus,Male,38,404451.142857143,280,0
1,2021-09-29 10:30:17,GOA,1996,30560,sharpchin rockfish,Sebastes zacentrus,Male,39,404451.142857143,280,0
1,2021-09-29 10:30:17,GOA,1996,30560,sharpchin rockfish,Sebastes zacentrus,Male,43,452253.375,270,0
1,2021-09-29 10:30:17,GOA,1996,30560,sharpchin rockfish,Sebastes zacentrus,Male,48,241815.428571429,290,0
1,2021-09-29 10:30:17,GOA,1996,30560,sharpchin rockfish,Sebastes zacentrus,Unknown,-9,7325,130,0
1,2021-09-29 10:30:17,GOA,1996,30560,sharpchin rockfish,Sebastes zacentrus,Unknown,2,28867,120,0
1,2021-09-29 10:30:17,GOA,1996,30560,sharpchin rockfish,Sebastes zacentrus,Unknown,3,52672,115.827764277035,11.868870706279
1,2021-09-29 10:30:17,GOA,1996,30560,sharpchin rockfish,Sebastes zacentrus,Unknown,4,20464,140,0
1,2021-09-29 10:30:17,GOA,1999,30100,silvergray rockfish,Sebastes brevispinis,Female,-9,267447,661.517870830482,39.0904012162244
1,2021-09-29 10:30:17,GOA,1999,30100,silvergray rockfish,Sebastes brevispinis,Female,8,176794.5,407.608975392334,6.48872048086742
1,2021-09-29 10:30:17,GOA,1999,30100,silvergray rockfish,Sebastes brevispinis,Female,9,118727,375.340655453267,4.98838188816416
1,2021-09-29 10:30:17,GOA,1999,30100,silvergray rockfish,Sebastes brevispinis,Female,10,376769.207142857,415.773625267261,33.9184588586805
1,2021-09-29 10:30:17,GOA,1999,30100,silvergray rockfish,Sebastes brevispinis,Female,11,165025.428571429,435.4253110776,4.98187820879862
1,2021-09-29 10:30:17,GOA,1999,30100,silvergray rockfish,Sebastes brevispinis,Female,12,761342.632539683,430.722477529742,26.1643238927736
1,2021-09-29 10:30:17,GOA,1999,30100,silvergray rockfish,Sebastes brevispinis,Female,13,451893.725396825,452.063502731066,19.493701880829
1,2021-09-29 10:30:17,GOA,1999,30100,silvergray rockfish,Sebastes brevispinis,Female,14,382036.285714286,497.693462924614,21.5595210551377
1,2021-09-29 10:30:17,GOA,1999,30100,silvergray rockfish,Sebastes brevispinis,Female,15,866554.234432234,497.846628347748,28.0971849400045
1,2021-09-29 10:30:17,GOA,1999,30100,silvergray rockfish,Sebastes brevispinis,Female,16,1354970.88324176,502.425461700053,33.4220567894727
1,2021-09-29 10:30:17,GOA,1999,30100,silvergray rockfish,Sebastes brevispinis,Female,17,879163.62991453,505.824801546953,35.3219829177853
1,2021-09-29 10:30:17,GOA,1999,30100,silvergray rockfish,Sebastes brevispinis,Female,18,755969.777136752,525.834999358357,32.9826268691196
1,2021-09-29 10:30:17,GOA,1999,30100,silvergray rockfish,Sebastes brevispinis,Female,19,1040709.08321123,513.620766063673,30.5022175917948
1,2021-09-29 10:30:17,GOA,1999,30100,silvergray rockfish,Sebastes brevispinis,Female,20,235639.638095238,518.021648027363,27.1603191258899
1,2021-09-29 10:30:17,GOA,1999,30100,silvergray rockfish,Sebastes brevispinis,Female,21,78103.7777777778,549.800123482432,24.2892203147696
1,2021-09-29 10:30:17,GOA,1999,30100,silvergray rockfish,Sebastes brevispinis,Female,22,54698.1111111111,470,0
1,2021-09-29 10:30:17,GOA,1999,30100,silvergray rockfish,Sebastes brevispinis,Female,23,194224.561111111,542.173172628556,16.4033536347173
1,2021-09-29 10:30:17,GOA,1999,30100,silvergray rockfish,Sebastes brevispinis,Female,25,60213.9111111111,480.992410022638,34.6158363269006
1,2021-09-29 10:30:17,GOA,1999,30100,silvergray rockfish,Sebastes brevispinis,Female,26,172374.382539683,532.301319568708,16.6674219223072
1,2021-09-29 10:30:17,GOA,1999,30100,silvergray rockfish,Sebastes brevispinis,Female,27,45727.5714285714,550,0
1,2021-09-29 10:30:17,GOA,1999,30100,silvergray rockfish,Sebastes brevispinis,Female,28,24811.8,612.587236718013,17.5527997685462
1,2021-09-29 10:30:17,GOA,1999,30100,silvergray rockfish,Sebastes brevispinis,Female,29,10934.6666666667,610,0
1,2021-09-29 10:30:17,GOA,1999,30100,silvergray rockfish,Sebastes brevispinis,Female,30,54042.9583333333,582.920431354378,14.3201329185145
1,2021-09-29 10:30:17,GOA,1999,30100,silvergray rockfish,Sebastes brevispinis,Female,34,51325.5714285714,560,0
1,2021-09-29 10:30:17,GOA,1999,30100,silvergray rockfish,Sebastes brevispinis,Female,35,17021.125,570,0
1,2021-09-29 10:30:17,GOA,1999,30100,silvergray rockfish,Sebastes brevispinis,Female,36,63888.3714285714,567.002119321513,14.3232192550816
1,2021-09-29 10:30:17,GOA,1999,30100,silvergray rockfish,Sebastes brevispinis,Female,37,26087.1666666667,580,0
1,2021-09-29 10:30:17,GOA,1999,30100,silvergray rockfish,Sebastes brevispinis,Female,38,12249,630,0
1,2021-09-29 10:30:17,GOA,1999,30100,silvergray rockfish,Sebastes brevispinis,Female,41,4080,680,0
1,2021-09-29 10:30:17,GOA,1999,30100,silvergray rockfish,Sebastes brevispinis,Female,42,38461.5,700,0
1,2021-09-29 10:30:17,GOA,1999,30100,silvergray rockfish,Sebastes brevispinis,Female,46,65977,646.286887854858,7.7765700087168
1,2021-09-29 10:30:17,GOA,1999,30100,silvergray rockfish,Sebastes brevispinis,Female,48,31476.6666666667,660,0
1,2021-09-29 10:30:17,GOA,1999,30100,silvergray rockfish,Sebastes brevispinis,Female,50,4080,680,0
1,2021-09-29 10:30:17,GOA,1999,30100,silvergray rockfish,Sebastes brevispinis,Female,52,53728,650,0
1,2021-09-29 10:30:17,GOA,1999,30100,silvergray rockfish,Sebastes brevispinis,Female,53,4080,680,0
1,2021-09-29 10:30:17,GOA,1999,30100,silvergray rockfish,Sebastes brevispinis,Female,56,38461.5,700,0
1,2021-09-29 10:30:17,GOA,1999,30100,silvergray rockfish,Sebastes brevispinis,Female,58,31476.6666666667,660,0
1,2021-09-29 10:30:17,GOA,1999,30100,silvergray rockfish,Sebastes brevispinis,Female,60,69853,670,0
1,2021-09-29 10:30:17,GOA,1999,30100,silvergray rockfish,Sebastes brevispinis,Female,65,31476.6666666667,660,0
1,2021-09-29 10:30:17,GOA,1999,30100,silvergray rockfish,Sebastes brevispinis,Male,-9,82034,647.690957407904,29.9110067083642
1,2021-09-29 10:30:17,GOA,1999,30100,silvergray rockfish,Sebastes brevispinis,Male,7,21682,360,0
1,2021-09-29 10:30:17,GOA,1999,30100,silvergray rockfish,Sebastes brevispinis,Male,8,65313.0833333333,374.266947536035,4.9459715006338
1,2021-09-29 10:30:17,GOA,1999,30100,silvergray rockfish,Sebastes brevispinis,Male,9,327555.75,408.222401835413,39.5189925792963
1,2021-09-29 10:30:17,GOA,1999,30100,silvergray rockfish,Sebastes brevispinis,Male,10,555279.388888889,410.87880585439,20.8715011598143
1,2021-09-29 10:30:17,GOA,1999,30100,silvergray rockfish,Sebastes brevispinis,Male,11,309327.222222222,416.301324200011,25.6764029463142
1,2021-09-29 10:30:17,GOA,1999,30100,silvergray rockfish,Sebastes brevispinis,Male,12,1045514.35555556,455.032598096427,29.7201925704675
1,2021-09-29 10:30:17,GOA,1999,30100,silvergray rockfish,Sebastes brevispinis,Male,13,682754.698989899,453.232951381719,32.9851148218461
1,2021-09-29 10:30:17,GOA,1999,30100,silvergray rockfish,Sebastes brevispinis,Male,14,433608.266666667,483.425737270692,28.7252299622611
1,2021-09-29 10:30:17,GOA,1999,30100,silvergray rockfish,Sebastes brevispinis,Male,15,1785688.08964646,493.071935047091,23.4835397416052
1,2021-09-29 10:30:17,GOA,1999,30100,silvergray rockfish,Sebastes brevispinis,Male,16,1057376.63611111,497.330148014719,25.6927495578407
1,2021-09-29 10:30:17,GOA,1999,30100,silvergray rockfish,Sebastes brevispinis,Male,17,1225876.71464646,491.358090590532,20.8536657998705
1,2021-09-29 10:30:17,GOA,1999,30100,silvergray rockfish,Sebastes brevispinis,Male,18,1688861.50252525,497.132619855356,21.3945390344344
1,2021-09-29 10:30:17,GOA,1999,30100,silvergray rockfish,Sebastes brevispinis,Male,19,978765.337878788,505.941593301987,26.1846380172048
1,2021-09-29 10:30:17,GOA,1999,30100,silvergray rockfish,Sebastes brevispinis,Male,20,577874.865656566,501.904474244142,32.2429690338225
1,2021-09-29 10:30:17,GOA,1999,30100,silvergray rockfish,Sebastes brevispinis,Male,21,189760.277777778,503.542481229973,22.2199294246046
1,2021-09-29 10:30:17,GOA,1999,30100,silvergray rockfish,Sebastes brevispinis,Male,22,276807.166666667,511.910385268204,29.801276073056
1,2021-09-29 10:30:17,GOA,1999,30100,silvergray rockfish,Sebastes brevispinis,Male,23,199194.076767677,502.462895736586,34.3671701775664
1,2021-09-29 10:30:17,GOA,1999,30100,silvergray rockfish,Sebastes brevispinis,Male,24,259969.3,528.787391434296,9.15338488166725
1,2021-09-29 10:30:17,GOA,1999,30100,silvergray rockfish,Sebastes brevispinis,Male,25,51396.5,540,0
1,2021-09-29 10:30:17,GOA,1999,30100,silvergray rockfish,Sebastes brevispinis,Male,28,151146,537.048946052161,19.319656381091
1,2021-09-29 10:30:17,GOA,1999,30100,silvergray rockfish,Sebastes brevispinis,Male,30,36726,570,0
1,2021-09-29 10:30:17,GOA,1999,30100,silvergray rockfish,Sebastes brevispinis,Male,31,111288.122222222,547.916194710207,8.19672211705271
1,2021-09-29 10:30:17,GOA,1999,30100,silvergray rockfish,Sebastes brevispinis,Male,32,173768.872222222,543.987690289883,27.0923579790063
1,2021-09-29 10:30:17,GOA,1999,30100,silvergray rockfish,Sebastes brevispinis,Male,33,17757,590,0
1,2021-09-29 10:30:17,GOA,1999,30100,silvergray rockfish,Sebastes brevispinis,Male,34,82353.15,568.457490697077,14.5960870811182
1,2021-09-29 10:30:17,GOA,1999,30100,silvergray rockfish,Sebastes brevispinis,Male,36,50667.75,580,0
1,2021-09-29 10:30:17,GOA,1999,30100,silvergray rockfish,Sebastes brevispinis,Male,38,109379.5,602.540466906504,8.35224730788548
1,2021-09-29 10:30:17,GOA,1999,30100,silvergray rockfish,Sebastes brevispinis,Male,43,118225.9,543.681105409221,47.7591655674987
1,2021-09-29 10:30:17,GOA,1999,30100,silvergray rockfish,Sebastes brevispinis,Male,44,28206.2222222222,560,0
1,2021-09-29 10:30:17,GOA,1999,30100,silvergray rockfish,Sebastes brevispinis,Male,50,36726,570,0
1,2021-09-29 10:30:17,GOA,1999,30100,silvergray rockfish,Sebastes brevispinis,Male,54,50667.75,580,0
1,2021-09-29 10:30:17,GOA,1999,30100,silvergray rockfish,Sebastes brevispinis,Male,55,93981,610,0
1,2021-09-29 10:30:17,GOA,1999,30100,silvergray rockfish,Sebastes brevispinis,Male,56,36726,570,0
1,2021-09-29 10:30:17,GOA,1999,30100,silvergray rockfish,Sebastes brevispinis,Male,58,103243.5,611.794301820454,5.71546300715771
1,2021-09-29 10:30:17,GOA,1999,30100,silvergray rockfish,Sebastes brevispinis,Male,66,17757,590,0
1,2021-09-29 10:30:17,GOA,1999,30535,harlequin rockfish,Sebastes variegatus,Female,-9,292600,361.8495898838,55.6035891523744
1,2021-09-29 10:30:17,GOA,1999,30535,harlequin rockfish,Sebastes variegatus,Female,4,78277.5,190,0
1,2021-09-29 10:30:17,GOA,1999,30535,harlequin rockfish,Sebastes variegatus,Female,5,311853.5,186.240654666374,9.26646225171973
1,2021-09-29 10:30:17,GOA,1999,30535,harlequin rockfish,Sebastes variegatus,Female,6,474476.5,215.050703248738,11.1347817313946
1,2021-09-29 10:30:17,GOA,1999,30535,harlequin rockfish,Sebastes variegatus,Female,7,302921,206.787660809254,4.66950413117423
1,2021-09-29 10:30:17,GOA,1999,30535,harlequin rockfish,Sebastes variegatus,Female,8,1330526.16666667,223.931543623657,7.40036125352553
1,2021-09-29 10:30:17,GOA,1999,30535,harlequin rockfish,Sebastes variegatus,Female,9,2113630.66666667,244.89270121617,11.3887666799767
1,2021-09-29 10:30:17,GOA,1999,30535,harlequin rockfish,Sebastes variegatus,Female,11,225798.25,280,0
1,2021-09-29 10:30:17,GOA,1999,30535,harlequin rockfish,Sebastes variegatus,Female,12,2587980,255.664498952851,19.5501593881528
1,2021-09-29 10:30:17,GOA,1999,30535,harlequin rockfish,Sebastes variegatus,Female,13,604071.25,273.737940681666,4.83809944885584
1,2021-09-29 10:30:17,GOA,1999,30535,harlequin rockfish,Sebastes variegatus,Female,14,436181,300,0
1,2021-09-29 10:30:17,GOA,1999,30535,harlequin rockfish,Sebastes variegatus,Female,15,377935,260,0
1,2021-09-29 10:30:17,GOA,1999,30535,harlequin rockfish,Sebastes variegatus,Female,16,2136502.66666667,248.838609765367,26.2859347035252
1,2021-09-29 10:30:17,GOA,1999,30535,harlequin rockfish,Sebastes variegatus,Female,17,1537313.25,266.292052059006,24.0811445233491
1,2021-09-29 10:30:17,GOA,1999,30535,harlequin rockfish,Sebastes variegatus,Female,18,1537645.5,331.578357950516,14.6027577255783
1,2021-09-29 10:30:17,GOA,1999,30535,harlequin rockfish,Sebastes variegatus,Female,19,774578,300.698393189582,29.991869680844
1,2021-09-29 10:30:17,GOA,1999,30535,harlequin rockfish,Sebastes variegatus,Female,20,755870,260,0
1,2021-09-29 10:30:17,GOA,1999,30535,harlequin rockfish,Sebastes variegatus,Female,23,225798.25,280,0
1,2021-09-29 10:30:17,GOA,1999,30535,harlequin rockfish,Sebastes variegatus,Female,27,577038.5,297.55663616899,38.0152955607232
1,2021-09-29 10:30:17,GOA,1999,30535,harlequin rockfish,Sebastes variegatus,Female,28,304534,310,0
1,2021-09-29 10:30:17,GOA,1999,30535,harlequin rockfish,Sebastes variegatus,Female,30,396305,330,0
1,2021-09-29 10:30:17,GOA,1999,30535,harlequin rockfish,Sebastes variegatus,Female,31,445284.5,340,0
1,2021-09-29 10:30:17,GOA,1999,30535,harlequin rockfish,Sebastes variegatus,Female,33,682807,287.840121732788,19.8830311037034
1,2021-09-29 10:30:17,GOA,1999,30535,harlequin rockfish,Sebastes variegatus,Female,34,198765.5,350,0
1,2021-09-29 10:30:17,GOA,1999,30535,harlequin rockfish,Sebastes variegatus,Male,-9,756251,340.019583445179,14.115687807181
1,2021-09-29 10:30:17,GOA,1999,30535,harlequin rockfish,Sebastes variegatus,Male,4,267405.5,165.846962758806,7.24788838606587
1,2021-09-29 10:30:17,GOA,1999,30535,harlequin rockfish,Sebastes variegatus,Male,5,565846.25,181.337200697186,13.6466702213813
1,2021-09-29 10:30:17,GOA,1999,30535,harlequin rockfish,Sebastes variegatus,Male,7,1760432.58333333,213.079141390958,10.3278765210793
1,2021-09-29 10:30:17,GOA,1999,30535,harlequin rockfish,Sebastes variegatus,Male,8,3848648.75,226.124877811552,11.7765407873679
1,2021-09-29 10:30:17,GOA,1999,30535,harlequin rockfish,Sebastes variegatus,Male,10,1582376,222.47074020334,21.6337155603884
1,2021-09-29 10:30:17,GOA,1999,30535,harlequin rockfish,Sebastes variegatus,Male,12,92734.25,200,0
1,2021-09-29 10:30:17,GOA,1999,30535,harlequin rockfish,Sebastes variegatus,Male,13,1331235.7,256.811494012668,9.47804988216096
1,2021-09-29 10:30:17,GOA,1999,30535,harlequin rockfish,Sebastes variegatus,Male,14,1684358.51666667,251.32976757096,10.6089062972478
1,2021-09-29 10:30:17,GOA,1999,30535,harlequin rockfish,Sebastes variegatus,Male,15,624072.666666667,240,
1,2021-09-29 10:30:17,GOA,1999,30535,harlequin rockfish,Sebastes variegatus,Male,16,912713,247.282015266573,27.170809047953
1,2021-09-29 10:30:17,GOA,1999,30535,harlequin rockfish,Sebastes variegatus,Male,17,2035017.91666667,252.415660959578,21.9760762699109
1,2021-09-29 10:30:17,GOA,1999,30535,harlequin rockfish,Sebastes variegatus,Male,18,1310561,235.862458901188,26.4599684746487
1,2021-09-29 10:30:17,GOA,1999,30535,harlequin rockfish,Sebastes variegatus,Male,19,453385.2,270,0
1,2021-09-29 10:30:17,GOA,1999,30535,harlequin rockfish,Sebastes variegatus,Male,21,886964.666666667,254.819756066946,22.833366669493
1,2021-09-29 10:30:17,GOA,1999,30535,harlequin rockfish,Sebastes variegatus,Male,24,346478.666666667,280,0
1,2021-09-29 10:30:17,GOA,1999,30535,harlequin rockfish,Sebastes variegatus,Male,27,741146.666666667,269.34980030943,9.97883963005745
1,2021-09-29 10:30:17,GOA,1999,30535,harlequin rockfish,Sebastes variegatus,Male,28,347947.333333333,300,0
1,2021-09-29 10:30:17,GOA,1999,30535,harlequin rockfish,Sebastes variegatus,Male,30,262892,290,0
1,2021-09-29 10:30:17,GOA,1999,30535,harlequin rockfish,Sebastes variegatus,Male,31,1138710.83333333,310.993322126703,8.37012742907219
1,2021-09-29 10:30:17,GOA,1999,30535,harlequin rockfish,Sebastes variegatus,Male,32,329705.5,310,0
1,2021-09-29 10:30:17,GOA,2005,30100,silvergray rockfish,Sebastes brevispinis,Female,-9,298189,476.631901243842,173.809671466701
1,2021-09-29 10:30:17,GOA,2005,30100,silvergray rockfish,Sebastes brevispinis,Female,8,110493.333333333,394.644744780982,8.85586505766246
1,2021-09-29 10:30:17,GOA,2005,30100,silvergray rockfish,Sebastes brevispinis,Female,9,177006,379.783849135058,19.8360468051304
1,2021-09-29 10:30:17,GOA,2005,30100,silvergray rockfish,Sebastes brevispinis,Female,11,942589.166666667,463.093394347308,24.1677646678273
1,2021-09-29 10:30:17,GOA,2005,30100,silvergray rockfish,Sebastes brevispinis,Female,12,29586,380,0
1,2021-09-29 10:30:17,GOA,2005,30100,silvergray rockfish,Sebastes brevispinis,Female,13,518760,475.993985658108,14.9770727983164
1,2021-09-29 10:30:17,GOA,2005,30100,silvergray rockfish,Sebastes brevispinis,Female,14,182916,430,0
1,2021-09-29 10:30:17,GOA,2005,30100,silvergray rockfish,Sebastes brevispinis,Female,15,1127449.5,472.109730857125,23.5833738157437
1,2021-09-29 10:30:17,GOA,2005,30100,silvergray rockfish,Sebastes brevispinis,Female,16,609774,470,0
1,2021-09-29 10:30:17,GOA,2005,30100,silvergray rockfish,Sebastes brevispinis,Female,17,849872,520.616163375191,57.0116415539833
1,2021-09-29 10:30:17,GOA,2005,30100,silvergray rockfish,Sebastes brevispinis,Female,21,1142704.5,534.236528341317,23.1741899239701
1,2021-09-29 10:30:17,GOA,2005,30100,silvergray rockfish,Sebastes brevispinis,Female,22,65057,600,0
1,2021-09-29 10:30:17,GOA,2005,30100,silvergray rockfish,Sebastes brevispinis,Female,23,144537,612.948310813148,4.55966791340777
1,2021-09-29 10:30:17,GOA,2005,30100,silvergray rockfish,Sebastes brevispinis,Female,24,730539,547.791329415678,28.9705917429455
1,2021-09-29 10:30:17,GOA,2005,30100,silvergray rockfish,Sebastes brevispinis,Female,25,261610.5,530,0
1,2021-09-29 10:30:17,GOA,2005,30100,silvergray rockfish,Sebastes brevispinis,Female,26,1651042,550.112365403182,13.9483338116832
1,2021-09-29 10:30:17,GOA,2005,30100,silvergray rockfish,Sebastes brevispinis,Female,27,240521,590,0
1,2021-09-29 10:30:17,GOA,2005,30100,silvergray rockfish,Sebastes brevispinis,Female,39,11710,690,0
1,2021-09-29 10:30:17,GOA,2005,30100,silvergray rockfish,Sebastes brevispinis,Female,42,227534,580,0
1,2021-09-29 10:30:17,GOA,2005,30100,silvergray rockfish,Sebastes brevispinis,Female,48,42614,620,0
1,2021-09-29 10:30:17,GOA,2005,30100,silvergray rockfish,Sebastes brevispinis,Female,50,46267,660,0
1,2021-09-29 10:30:17,GOA,2005,30100,silvergray rockfish,Sebastes brevispinis,Female,57,6928,670,0
1,2021-09-29 10:30:17,GOA,2005,30100,silvergray rockfish,Sebastes brevispinis,Female,65,19431,680,0
1,2021-09-29 10:30:17,GOA,2005,30100,silvergray rockfish,Sebastes brevispinis,Female,67,29689,640,0
1,2021-09-29 10:30:17,GOA,2005,30100,silvergray rockfish,Sebastes brevispinis,Male,-9,447748,295.953974110437,98.8816659599632
1,2021-09-29 10:30:17,GOA,2005,30100,silvergray rockfish,Sebastes brevispinis,Male,8,56827,316.91748640611,29.8412149542117
1,2021-09-29 10:30:17,GOA,2005,30100,silvergray rockfish,Sebastes brevispinis,Male,9,66612,401.424818351048,3.49543647875494
1,2021-09-29 10:30:17,GOA,2005,30100,silvergray rockfish,Sebastes brevispinis,Male,10,31333,310,0
1,2021-09-29 10:30:17,GOA,2005,30100,silvergray rockfish,Sebastes brevispinis,Male,11,128483.333333333,430,0
1,2021-09-29 10:30:17,GOA,2005,30100,silvergray rockfish,Sebastes brevispinis,Male,14,444458.666666667,460,0
1,2021-09-29 10:30:17,GOA,2005,30100,silvergray rockfish,Sebastes brevispinis,Male,15,6846322,486.158522780553,21.2196713479173
1,2021-09-29 10:30:17,GOA,2005,30100,silvergray rockfish,Sebastes brevispinis,Male,16,355408,450,0
1,2021-09-29 10:30:17,GOA,2005,30100,silvergray rockfish,Sebastes brevispinis,Male,17,553875.5,520,0
1,2021-09-29 10:30:17,GOA,2005,30100,silvergray rockfish,Sebastes brevispinis,Male,20,270914,540,0
1,2021-09-29 10:30:17,GOA,2005,30100,silvergray rockfish,Sebastes brevispinis,Male,22,494153,550,0
1,2021-09-29 10:30:17,GOA,2005,30100,silvergray rockfish,Sebastes brevispinis,Male,23,180268,570,0
1,2021-09-29 10:30:17,GOA,2005,30100,silvergray rockfish,Sebastes brevispinis,Male,24,270914,540,0
1,2021-09-29 10:30:17,GOA,2005,30100,silvergray rockfish,Sebastes brevispinis,Male,25,1531879.5,542.000346633009,18.0349195561498
1,2021-09-29 10:30:17,GOA,2005,30100,silvergray rockfish,Sebastes brevispinis,Male,28,6600,600,0
1,2021-09-29 10:30:17,GOA,2005,30100,silvergray rockfish,Sebastes brevispinis,Male,38,204177,586.342095338848,4.81651119603151
1,2021-09-29 10:30:17,GOA,2005,30100,silvergray rockfish,Sebastes brevispinis,Male,51,30125,610,0
1,2021-09-29 10:30:17,GOA,2005,30100,silvergray rockfish,Sebastes brevispinis,Male,58,21647,630,0
1,2021-09-29 10:30:17,GOA,2005,30100,silvergray rockfish,Sebastes brevispinis,Male,61,24039,640,0
1,2021-09-29 10:30:17,GOA,2005,30100,silvergray rockfish,Sebastes brevispinis,Male,65,835662,535.186355248892,20.9731659897264
1,2021-09-29 10:30:17,GOA,2011,30430,redstripe rockfish,Sebastes proriger,Female,-9,91845,246.905002994175,97.3981076737198
1,2021-09-29 10:30:17,GOA,2011,30430,redstripe rockfish,Sebastes proriger,Female,5,688576.333333333,256.373958055486,11.1423133194021
1,2021-09-29 10:30:17,GOA,2011,30430,redstripe rockfish,Sebastes proriger,Female,6,20724.3333333333,290,0
1,2021-09-29 10:30:17,GOA,2011,30430,redstripe rockfish,Sebastes proriger,Female,7,404467.75,289.583926448194,23.510612976385
1,2021-09-29 10:30:17,GOA,2011,30430,redstripe rockfish,Sebastes proriger,Female,8,1709634.3,317.986835157281,22.0564239593947
1,2021-09-29 10:30:17,GOA,2011,30430,redstripe rockfish,Sebastes proriger,Female,9,1269410.91666667,314.100664540527,11.6463032698142
1,2021-09-29 10:30:17,GOA,2011,30430,redstripe rockfish,Sebastes proriger,Female,10,6582238.51666667,341.865657071259,15.330866196712
1,2021-09-29 10:30:17,GOA,2011,30430,redstripe rockfish,Sebastes proriger,Female,11,2433859.16666667,351.500009004903,23.8814402302728
1,2021-09-29 10:30:17,GOA,2011,30430,redstripe rockfish,Sebastes proriger,Female,12,442104.666666667,380,0
1,2021-09-29 10:30:17,GOA,2011,30430,redstripe rockfish,Sebastes proriger,Female,13,2216504.28333333,353.708900419675,12.3429183428925
1,2021-09-29 10:30:17,GOA,2011,30430,redstripe rockfish,Sebastes proriger,Female,14,868132.15,367.310790759218,12.8792880723849
1,2021-09-29 10:30:17,GOA,2011,30430,redstripe rockfish,Sebastes proriger,Female,15,916433.666666667,390.35162755915,9.99381599088514
1,2021-09-29 10:30:17,GOA,2011,30430,redstripe rockfish,Sebastes proriger,Female,16,285988.083333333,400.410270591111,17.5509854385534
1,2021-09-29 10:30:17,GOA,2011,30430,redstripe rockfish,Sebastes proriger,Female,17,442104.666666667,380,0
1,2021-09-29 10:30:17,GOA,2011,30430,redstripe rockfish,Sebastes proriger,Female,18,520858.75,401.876578822953,9.8223445226297
1,2021-09-29 10:30:17,GOA,2011,30430,redstripe rockfish,Sebastes proriger,Female,20,74430.3333333333,430,0
1,2021-09-29 10:30:17,GOA,2011,30430,redstripe rockfish,Sebastes proriger,Female,21,27683,420,0
1,2021-09-29 10:30:17,GOA,2011,30430,redstripe rockfish,Sebastes proriger,Female,26,15677,450,0
1,2021-09-29 10:30:17,GOA,2011,30430,redstripe rockfish,Sebastes proriger,Female,27,74430.3333333333,430,0
1,2021-09-29 10:30:17,GOA,2011,30430,redstripe rockfish,Sebastes proriger,Female,28,211557.75,390,0
1,2021-09-29 10:30:17,GOA,2011,30430,redstripe rockfish,Sebastes proriger,Male,-9,15677,380,0
1,2021-09-29 10:30:17,GOA,2011,30430,redstripe rockfish,Sebastes proriger,Male,5,1110082.33333333,253.574703317802,11.8831383985587
1,2021-09-29 10:30:17,GOA,2011,30430,redstripe rockfish,Sebastes proriger,Male,6,581861.25,248.591615841978,8.95770990659616
1,2021-09-29 10:30:17,GOA,2011,30430,redstripe rockfish,Sebastes proriger,Male,7,198240.916666667,253.021571816447,12.6749511081341
1,2021-09-29 10:30:17,GOA,2011,30430,redstripe rockfish,Sebastes proriger,Male,8,1554171,283.671253034576,7.30606189978111
1,2021-09-29 10:30:17,GOA,2011,30430,redstripe rockfish,Sebastes proriger,Male,9,2219871.15,310.257788610839,11.9053325991757
1,2021-09-29 10:30:17,GOA,2011,30430,redstripe rockfish,Sebastes proriger,Male,10,4933626.25,295.693337127027,5.91269575954046
1,2021-09-29 10:30:17,GOA,2011,30430,redstripe rockfish,Sebastes proriger,Male,11,3871253,297.921032285929,4.05802542926379
1,2021-09-29 10:30:17,GOA,2011,30430,redstripe rockfish,Sebastes proriger,Male,12,804821,290,0
1,2021-09-29 10:30:17,GOA,2011,30430,redstripe rockfish,Sebastes proriger,Male,13,2390437.8,311.575841044682,6.69267930968941
1,2021-09-29 10:30:17,GOA,2011,30430,redstripe rockfish,Sebastes proriger,Male,14,1132436.4,310,0
1,2021-09-29 10:30:17,GOA,2011,30430,redstripe rockfish,Sebastes proriger,Male,22,128448.6,330,0
1,2021-09-29 10:30:17,GOA,2011,30430,redstripe rockfish,Sebastes proriger,Male,25,125565,340,0
1,2021-09-29 10:30:17,GOA,2011,30430,redstripe rockfish,Sebastes proriger,Male,27,1962318.9,314.229090898528,4.94021246074376
1,2021-09-29 10:30:17,GOA,2011,30430,redstripe rockfish,Sebastes proriger,Male,28,843804,320.494954989547,3.82147474736202
1,2021-09-29 10:30:17,GOA,2011,30430,redstripe rockfish,Sebastes proriger,Male,29,958331.1,321.340336340958,3.40688448625627
1,2021-09-29 10:30:17,GOA,2011,30430,redstripe rockfish,Sebastes proriger,Male,30,256897.2,330,0
1,2021-09-29 10:30:17,GOA,2011,30430,redstripe rockfish,Sebastes proriger,Male,31,128448.6,330,0
1,2021-09-29 10:30:17,GOA,2011,30430,redstripe rockfish,Sebastes proriger,Male,35,13921.5,350,0
1,2021-09-29 10:30:17,GOA,2011,30430,redstripe rockfish,Sebastes proriger,Unknown,-9,34904,120,0
1,2021-09-29 10:30:17,GOA,2011,30430,redstripe rockfish,Sebastes proriger,Unknown,2,244327,111.428577275536,8.3299478236448
1,2021-09-29 10:30:17,GOA,2011,30535,harlequin rockfish,Sebastes variegatus,Female,-9,20103,430,0
1,2021-09-29 10:30:17,GOA,2011,30535,harlequin rockfish,Sebastes variegatus,Female,4,28870,150,0
1,2021-09-29 10:30:17,GOA,2011,30535,harlequin rockfish,Sebastes variegatus,Female,5,30419,188.62684506394,14.5549302602991
1,2021-09-29 10:30:17,GOA,2011,30535,harlequin rockfish,Sebastes variegatus,Female,6,36180.5,198.53664266663,6.75695435986968
1,2021-09-29 10:30:17,GOA,2011,30535,harlequin rockfish,Sebastes variegatus,Female,7,82927.9181818182,249.340198075634,28.4690022602682
1,2021-09-29 10:30:17,GOA,2011,30535,harlequin rockfish,Sebastes variegatus,Female,8,283699.589141414,270.24933189461,30.8955192165523
1,2021-09-29 10:30:17,GOA,2011,30535,harlequin rockfish,Sebastes variegatus,Female,9,86122.7196969697,267.601182034199,43.753895666592
1,2021-09-29 10:30:17,GOA,2011,30535,harlequin rockfish,Sebastes variegatus,Female,10,390103.185425685,283.486160790533,33.4485674997736
1,2021-09-29 10:30:17,GOA,2011,30535,harlequin rockfish,Sebastes variegatus,Female,11,269000.66017316,285.977331160093,41.6981653448278
1,2021-09-29 10:30:17,GOA,2011,30535,harlequin rockfish,Sebastes variegatus,Female,12,172723.303571429,312.186681733429,49.8120751353586
1,2021-09-29 10:30:17,GOA,2011,30535,harlequin rockfish,Sebastes variegatus,Female,13,460357.315873016,323.684126190605,33.3649324225912
1,2021-09-29 10:30:17,GOA,2011,30535,harlequin rockfish,Sebastes variegatus,Female,14,279357.39484127,306.938186360765,33.7831593251419
1,2021-09-29 10:30:17,GOA,2011,30535,harlequin rockfish,Sebastes variegatus,Female,15,20432.4285714286,280,0
1,2021-09-29 10:30:17,GOA,2011,30535,harlequin rockfish,Sebastes variegatus,Female,16,25603.6,290,0
1,2021-09-29 10:30:17,GOA,2011,30535,harlequin rockfish,Sebastes variegatus,Female,17,142071.275,323.808968420956,52.5804358084423
1,2021-09-29 10:30:17,GOA,2011,30535,harlequin rockfish,Sebastes variegatus,Female,18,417117.1,364.355139120405,28.5784247472628
1,2021-09-29 10:30:17,GOA,2011,30535,harlequin rockfish,Sebastes variegatus,Female,20,87636.5555555555,335.444873968118,22.7135335822092
1,2021-09-29 10:30:17,GOA,2011,30535,harlequin rockfish,Sebastes variegatus,Female,22,146286,360,0
1,2021-09-29 10:30:17,GOA,2011,30535,harlequin rockfish,Sebastes variegatus,Female,24,137987.433333333,360.720497977714,43.1771057180121
1,2021-09-29 10:30:17,GOA,2011,30535,harlequin rockfish,Sebastes variegatus,Female,25,412739.722222222,371.524070523325,29.4821944945107
1,2021-09-29 10:30:17,GOA,2011,30535,harlequin rockfish,Sebastes variegatus,Female,26,216785.885714286,353.512536266858,47.82915353162
1,2021-09-29 10:30:17,GOA,2011,30535,harlequin rockfish,Sebastes variegatus,Female,27,125710.329365079,347.781631574706,30.0228865119437
1,2021-09-29 10:30:17,GOA,2011,30535,harlequin rockfish,Sebastes variegatus,Female,28,43088.5,340,0
1,2021-09-29 10:30:17,GOA,2011,30535,harlequin rockfish,Sebastes variegatus,Female,29,62125.3333333333,350,0
1,2021-09-29 10:30:17,GOA,2011,30535,harlequin rockfish,Sebastes variegatus,Female,30,76152,380,0
1,2021-09-29 10:30:17,GOA,2011,30535,harlequin rockfish,Sebastes variegatus,Female,32,58670,400,0
1,2021-09-29 10:30:17,GOA,2011,30535,harlequin rockfish,Sebastes variegatus,Female,34,20103,420,0
1,2021-09-29 10:30:17,GOA,2011,30535,harlequin rockfish,Sebastes variegatus,Female,35,80053.25,370,0
1,2021-09-29 10:30:17,GOA,2011,30535,harlequin rockfish,Sebastes variegatus,Male,-9,3761994,281.811658923433,56.3914342970833
1,2021-09-29 10:30:17,GOA,2011,30535,harlequin rockfish,Sebastes variegatus,Male,2,82590.6666666667,139.513342912032,14.3048850312895
1,2021-09-29 10:30:17,GOA,2011,30535,harlequin rockfish,Sebastes variegatus,Male,3,22273.5,160,0
1,2021-09-29 10:30:17,GOA,2011,30535,harlequin rockfish,Sebastes variegatus,Male,4,188735.333333333,161.294149125937,15.5213194323718
1,2021-09-29 10:30:17,GOA,2011,30535,harlequin rockfish,Sebastes variegatus,Male,5,51467.5,186.82809540001,14.8881854907999
1,2021-09-29 10:30:17,GOA,2011,30535,harlequin rockfish,Sebastes variegatus,Male,6,96094.8159090909,237.406310750989,12.7120537637076
1,2021-09-29 10:30:17,GOA,2011,30535,harlequin rockfish,Sebastes variegatus,Male,7,131917.088888889,255.256890312754,26.5872753045402
1,2021-09-29 10:30:17,GOA,2011,30535,harlequin rockfish,Sebastes variegatus,Male,8,90556.6777777778,264.188344414382,33.0716858400151
1,2021-09-29 10:30:17,GOA,2011,30535,harlequin rockfish,Sebastes variegatus,Male,9,311188.254761905,248.536064148032,26.1571534183438
1,2021-09-29 10:30:17,GOA,2011,30535,harlequin rockfish,Sebastes variegatus,Male,10,393792.722727273,259.126845061471,25.8855154574868
1,2021-09-29 10:30:17,GOA,2011,30535,harlequin rockfish,Sebastes variegatus,Male,11,59370.0494949495,295.045477731187,37.429077262925
1,2021-09-29 10:30:17,GOA,2011,30535,harlequin rockfish,Sebastes variegatus,Male,12,68347.7159090909,244.25165501474,4.94368079299657
1,2021-09-29 10:30:17,GOA,2011,30535,harlequin rockfish,Sebastes variegatus,Male,13,284732.695562771,272.324294900017,30.3855610506431
1,2021-09-29 10:30:17,GOA,2011,30535,harlequin rockfish,Sebastes variegatus,Male,14,257493.054148629,288.231567174899,26.9007790762968
1,2021-09-29 10:30:17,GOA,2011,30535,harlequin rockfish,Sebastes variegatus,Male,15,179374.84025974,311.663047229683,27.3490767715798
1,2021-09-29 10:30:17,GOA,2011,30535,harlequin rockfish,Sebastes variegatus,Male,16,78700.5272727273,328.238661448266,28.9637083288196
1,2021-09-29 10:30:17,GOA,2011,30535,harlequin rockfish,Sebastes variegatus,Male,17,78132.8,340,0
1,2021-09-29 10:30:17,GOA,2011,30535,harlequin rockfish,Sebastes variegatus,Male,18,259603.67965368,324.650253258172,12.5388904029969
1,2021-09-29 10:30:17,GOA,2011,30535,harlequin rockfish,Sebastes variegatus,Male,19,126648.688888889,324.829215234232,21.111223016561
1,2021-09-29 10:30:17,GOA,2011,30535,harlequin rockfish,Sebastes variegatus,Male,20,66444.4285714286,330,0
1,2021-09-29 10:30:17,GOA,2011,30535,harlequin rockfish,Sebastes variegatus,Male,21,120128.476623377,269.535588018226,14.4230271143808
1,2021-09-29 10:30:17,GOA,2011,30535,harlequin rockfish,Sebastes variegatus,Male,23,38672.3909090909,252.485830271678,4.32191515155016
1,2021-09-29 10:30:17,GOA,2011,30535,harlequin rockfish,Sebastes variegatus,Male,24,88184.3,343.419486235078,9.53371391119171
1,2021-09-29 10:30:17,GOA,2011,30535,harlequin rockfish,Sebastes variegatus,Male,25,134501.744444444,336.10881131075,20.7575239108344
1,2021-09-29 10:30:17,GOA,2011,30535,harlequin rockfish,Sebastes variegatus,Male,26,277466.085714286,332.815940542746,4.49776436545622
1,2021-09-29 10:30:17,GOA,2011,30535,harlequin rockfish,Sebastes variegatus,Male,27,161459.5,357.470604083377,4.34696623672387
1,2021-09-29 10:30:17,GOA,2011,30535,harlequin rockfish,Sebastes variegatus,Male,28,10051.5,370,0
1,2021-09-29 10:30:17,GOA,2011,30535,harlequin rockfish,Sebastes variegatus,Male,29,44740.9494949495,316.313618193533,4.82435562968404
1,2021-09-29 10:30:17,GOA,2011,30535,harlequin rockfish,Sebastes variegatus,Male,31,28247.7272727273,320,0
1,2021-09-29 10:30:17,GOA,2011,30535,harlequin rockfish,Sebastes variegatus,Male,44,31076.2857142857,290,0
1,2021-09-29 10:30:17,GOA,2013,30430,redstripe rockfish,Sebastes proriger,Female,-9,262083,431.965942087049,69.5804446463476
1,2021-09-29 10:30:17,GOA,2013,30430,redstripe rockfish,Sebastes proriger,Female,3,99056,170,0
1,2021-09-29 10:30:17,GOA,2013,30430,redstripe rockfish,Sebastes proriger,Female,6,322977.785714286,274.006648842943,24.8041359090379
1,2021-09-29 10:30:17,GOA,2013,30430,redstripe rockfish,Sebastes proriger,Female,7,3269420.72619048,302.182695564961,12.3457559912004
1,2021-09-29 10:30:17,GOA,2013,30430,redstripe rockfish,Sebastes proriger,Female,8,549525.988095238,318.345783637816,25.288450175613
1,2021-09-29 10:30:17,GOA,2013,30430,redstripe rockfish,Sebastes proriger,Female,9,437672.5,327.668759174954,9.56093478778409
1,2021-09-29 10:30:17,GOA,2013,30430,redstripe rockfish,Sebastes proriger,Female,10,333370,334.885442601314,19.3349761472709
1,2021-09-29 10:30:17,GOA,2013,30430,redstripe rockfish,Sebastes proriger,Female,11,243679,394.809975418481,26.7505232414149
1,2021-09-29 10:30:17,GOA,2013,30430,redstripe rockfish,Sebastes proriger,Female,12,73906.25,380,0
1,2021-09-29 10:30:17,GOA,2013,30430,redstripe rockfish,Sebastes proriger,Female,14,439273.75,387.624516602688,14.6567818388926
1,2021-09-29 10:30:17,GOA,2013,30430,redstripe rockfish,Sebastes proriger,Female,15,927247.25,413.163112643365,6.73773853125298
1,2021-09-29 10:30:17,GOA,2013,30430,redstripe rockfish,Sebastes proriger,Female,16,206765,450,0
1,2021-09-29 10:30:17,GOA,2013,30430,redstripe rockfish,Sebastes proriger,Female,19,540135,393.498069926963,58.4619714707501
1,2021-09-29 10:30:17,GOA,2013,30430,redstripe rockfish,Sebastes proriger,Female,23,165412,460,0
1,2021-09-29 10:30:17,GOA,2013,30430,redstripe rockfish,Sebastes proriger,Female,27,206765,450,0
1,2021-09-29 10:30:17,GOA,2013,30430,redstripe rockfish,Sebastes proriger,Female,29,184115.5,391.971751427772,9.80368279306651
1,2021-09-29 10:30:17,GOA,2013,30430,redstripe rockfish,Sebastes proriger,Female,30,275621.25,442.009968389593,34.2908201006761
1,2021-09-29 10:30:17,GOA,2013,30430,redstripe rockfish,Sebastes proriger,Female,33,201754,420,0
1,2021-09-29 10:30:17,GOA,2013,30430,redstripe rockfish,Sebastes proriger,Female,37,165412,460,0
1,2021-09-29 10:30:17,GOA,2013,30430,redstripe rockfish,Sebastes proriger,Male,-9,8329179,305.274456221916,30.134312382592
1,2021-09-29 10:30:17,GOA,2013,30430,redstripe rockfish,Sebastes proriger,Male,5,93049,260,0
1,2021-09-29 10:30:17,GOA,2013,30430,redstripe rockfish,Sebastes proriger,Male,6,841507.666666667,283.432684114979,30.3747845554182
1,2021-09-29 10:30:17,GOA,2013,30430,redstripe rockfish,Sebastes proriger,Male,7,4282986.58333333,296.125999616428,18.246457576209
1,2021-09-29 10:30:17,GOA,2013,30430,redstripe rockfish,Sebastes proriger,Male,8,482313.75,297.106167924924,19.9335831555511
1,2021-09-29 10:30:17,GOA,2013,30430,redstripe rockfish,Sebastes proriger,Male,9,411358,306.61973269026,9.41136509305057
1,2021-09-29 10:30:17,GOA,2013,30430,redstripe rockfish,Sebastes proriger,Male,11,138693,263.291009639996,4.69886709212006
1,2021-09-29 10:30:17,GOA,2013,30430,redstripe rockfish,Sebastes proriger,Male,14,292413,280.453673400293,13.9734550646188
1,2021-09-29 10:30:17,GOA,2013,30430,redstripe rockfish,Sebastes proriger,Male,15,289471,340,0
1,2021-09-29 10:30:17,GOA,2013,30430,redstripe rockfish,Sebastes proriger,Male,16,289471,340,0
1,2021-09-29 10:30:17,GOA,2013,30430,redstripe rockfish,Sebastes proriger,Male,20,223082.666666667,350,0
1,2021-09-29 10:30:17,GOA,2013,30430,redstripe rockfish,Sebastes proriger,Male,22,264435.666666667,353.127641631802,7.26434377346363
1,2021-09-29 10:30:17,GOA,2013,30430,redstripe rockfish,Sebastes proriger,Male,25,41353,370,0
1,2021-09-29 10:30:17,GOA,2013,30430,redstripe rockfish,Sebastes proriger,Male,27,248118,360,0
1,2021-09-29 10:30:17,GOA,2013,30430,redstripe rockfish,Sebastes proriger,Male,36,223082.666666667,350,0
1,2021-09-29 10:30:17,GOA,2013,30430,redstripe rockfish,Sebastes proriger,Male,41,82706,380,0
1,2021-09-29 10:30:17,GOA,2013,30430,redstripe rockfish,Sebastes proriger,Male,46,125138,330,0
1,2021-09-29 10:30:17,GOA,2015,30535,harlequin rockfish,Sebastes variegatus,Female,-9,1630045,289.926848645283,76.543802867183
1,2021-09-29 10:30:17,GOA,2015,30535,harlequin rockfish,Sebastes variegatus,Female,12,184144.5,250,0
1,2021-09-29 10:30:17,GOA,2015,30535,harlequin rockfish,Sebastes variegatus,Female,13,270079.333333333,240,0
1,2021-09-29 10:30:17,GOA,2015,30535,harlequin rockfish,Sebastes variegatus,Female,14,528177.166666667,259.67210812786,9.89581280313163
1,2021-09-29 10:30:17,GOA,2015,30535,harlequin rockfish,Sebastes variegatus,Female,16,458117.666666667,271.820776758227,3.85908532931846
1,2021-09-29 10:30:17,GOA,2015,30535,harlequin rockfish,Sebastes variegatus,Female,17,260619.666666667,260,0
1,2021-09-29 10:30:17,GOA,2015,30535,harlequin rockfish,Sebastes variegatus,Female,18,427445.666666667,267.805717217861,9.75628633610193
1,2021-09-29 10:30:17,GOA,2015,30535,harlequin rockfish,Sebastes variegatus,Female,19,187352.333333333,270,0
1,2021-09-29 10:30:17,GOA,2015,30535,harlequin rockfish,Sebastes variegatus,Female,22,222047.666666667,267.429065530975,34.1713469337356
1,2021-09-29 10:30:17,GOA,2015,30535,harlequin rockfish,Sebastes variegatus,Female,25,127251.666666667,294.978664326597,4.9999544786962
1,2021-09-29 10:30:17,GOA,2015,30535,harlequin rockfish,Sebastes variegatus,Female,27,63897.3333333333,290,0
1,2021-09-29 10:30:17,GOA,2015,30535,harlequin rockfish,Sebastes variegatus,Female,30,127251.666666667,294.978664326597,4.9999544786962
1,2021-09-29 10:30:17,GOA,2015,30535,harlequin rockfish,Sebastes variegatus,Female,32,63354.3333333333,300,0
1,2021-09-29 10:30:17,GOA,2015,30535,harlequin rockfish,Sebastes variegatus,Female,36,87008,310,0