"SURVEY","YEAR","REGULATORY_AREA_NAME","Biomass","Variance","SE","CV","HAUL_COUNT","CATCH_COUNT","Group"
"AI",1980,"AI",2.9659483918701,3.67053319391861,1.91586356349261,0.645953101795078,127,2,"OROX_allnoSC"
"AI",1980,"ALEUTIANS",2.9659483918701,3.67053319391861,1.91586356349261,0.645953101795078,109,2,"OROX_allnoSC"
"AI",1980,"S BERING SEA",0,0,0,0,18,0,"OROX_allnoSC"
"AI",1983,"AI",12.7078948181971,33.3379147155672,5.77389943760429,0.454355305910806,290,9,"OROX_allnoSC"
"AI",1983,"ALEUTIANS",12.7078948181971,33.3379147155672,5.77389943760429,0.454355305910806,256,9,"OROX_allnoSC"
"AI",1983,"S BERING SEA",0,0,0,0,34,0,"OROX_allnoSC"
"AI",1986,"AI",18.1320086710367,315.385216029215,17.7590882657082,0.9794330340287,383,2,"OROX_allnoSC"
"AI",1986,"ALEUTIANS",0,0,0,0,320,0,"OROX_allnoSC"
"AI",1986,"S BERING SEA",18.1320086710367,315.385216029215,17.7590882657082,0.9794330340287,63,2,"OROX_allnoSC"
"AI",1991,"AI",22.8296649527444,145.518728762109,12.0631143890004,0.52839647073096,331,9,"OROX_allnoSC"
"AI",1991,"ALEUTIANS",22.1429329644418,145.047127938351,12.0435513009391,0.543900454392343,276,8,"OROX_allnoSC"
"AI",1991,"S BERING SEA",0.686731988302627,0.471600823758079,0.686731988302627,1,55,1,"OROX_allnoSC"
"AI",1994,"AI",19.8242792936521,146.773486090312,12.115010775493,0.611119859442877,380,7,"OROX_allnoSC"
"AI",1994,"ALEUTIANS",18.1723869485528,144.714983157104,12.0297540771665,0.661979854997779,316,5,"OROX_allnoSC"
"AI",1994,"S BERING SEA",1.6518923450993,2.05850293320767,1.43474838672419,0.868548359692256,64,2,"OROX_allnoSC"
"AI",1997,"AI",69.3041505615021,894.2411300357,29.9038648009868,0.431487357664812,396,13,"OROX_allnoSC"
"AI",1997,"ALEUTIANS",69.3041505615021,894.2411300357,29.9038648009868,0.431487357664812,344,13,"OROX_allnoSC"
"AI",1997,"S BERING SEA",0,0,0,0,52,0,"OROX_allnoSC"
"AI",2000,"AI",25.3594657205505,232.990481626081,15.2640257345853,0.60190644009569,419,5,"OROX_allnoSC"
"AI",2000,"ALEUTIANS",25.3594657205505,232.990481626081,15.2640257345853,0.60190644009569,361,5,"OROX_allnoSC"
"AI",2000,"S BERING SEA",0,0,0,0,58,0,"OROX_allnoSC"
"AI",2002,"AI",29.4259406459288,179.652801196607,13.4034622839253,0.455498175749215,414,8,"OROX_allnoSC"
"AI",2002,"ALEUTIANS",27.1928672928763,174.666184596494,13.2161334964692,0.486014709450349,353,7,"OROX_allnoSC"
"AI",2002,"S BERING SEA",2.23307335305256,4.98661660011341,2.23307335305256,1,61,1,"OROX_allnoSC"
"AI",2004,"AI",4667.85201436206,17310073.5562261,4160.53765230241,0.891317385277266,419,14,"OROX_allnoSC"
"AI",2004,"ALEUTIANS",501.140974697499,154517.929428597,393.087686691655,0.784385445490528,366,10,"OROX_allnoSC"
"AI",2004,"S BERING SEA",4166.71103966456,17155555.6267975,4141.92655980251,0.994051788178705,53,4,"OROX_allnoSC"
"AI",2006,"AI",53.9115712819935,707.910295803918,26.6065836928366,0.493522690215545,357,10,"OROX_allnoSC"
"AI",2006,"ALEUTIANS",46.521026198652,693.808392983617,26.3402428421535,0.566200812718028,313,7,"OROX_allnoSC"
"AI",2006,"S BERING SEA",7.39054508334147,14.1019028203008,3.75525003432538,0.50811543559755,44,3,"OROX_allnoSC"
"AI",2010,"AI",25.2839377899809,77.3513382913963,8.7949609601974,0.347847753512608,418,10,"OROX_allnoSC"
"AI",2010,"ALEUTIANS",25.2839377899809,77.3513382913963,8.7949609601974,0.347847753512608,367,10,"OROX_allnoSC"
"AI",2010,"S BERING SEA",0,0,0,0,51,0,"OROX_allnoSC"
"AI",2012,"AI",13.7394680800097,32.6237037291048,5.71171635579926,0.41571597404921,420,8,"OROX_allnoSC"
"AI",2012,"ALEUTIANS",13.7394680800097,32.6237037291048,5.71171635579926,0.41571597404921,365,8,"OROX_allnoSC"
"AI",2012,"S BERING SEA",0,0,0,0,55,0,"OROX_allnoSC"
"AI",2014,"AI",117.153505465617,2864.04982811387,53.5168181800252,0.456809362787113,410,15,"OROX_allnoSC"
"AI",2014,"ALEUTIANS",98.7647853481286,2551.49501261789,50.5123253535005,0.511440643296631,366,13,"OROX_allnoSC"
"AI",2014,"S BERING SEA",18.3887201174887,312.554815495981,17.6792198780371,0.961416551292394,44,2,"OROX_allnoSC"
"AI",2016,"AI",97.571299979734,1451.02433075591,38.0923132765117,0.390404896567163,419,15,"OROX_allnoSC"
"AI",2016,"ALEUTIANS",96.5226771892239,1449.92472099913,38.0778770547825,0.394496694078784,376,14,"OROX_allnoSC"
"AI",2016,"S BERING SEA",1.04862279051011,1.09960975677721,1.04862279051011,1,43,1,"OROX_allnoSC"
"AI",2018,"AI",18.6120338463715,83.726094007098,9.15019639172286,0.491627968617021,420,8,"OROX_allnoSC"
"AI",2018,"ALEUTIANS",18.6120338463715,83.726094007098,9.15019639172286,0.491627968617021,375,8,"OROX_allnoSC"
"AI",2018,"S BERING SEA",0,0,0,0,45,0,"OROX_allnoSC"
"EBS_SHELF",1982,"EBS_SHELF",0,0,0,0,329,0,"OROX_allnoSC"
"EBS_SHELF",1983,"EBS_SHELF",0,0,0,0,353,0,"OROX_allnoSC"
"EBS_SHELF",1984,"EBS_SHELF",17.7520892790062,315.136673769805,17.7520892790062,1,355,1,"OROX_allnoSC"
"EBS_SHELF",1985,"EBS_SHELF",2.62099476634348,6.8696135651999,2.62099476634348,1,353,1,"OROX_allnoSC"
"EBS_SHELF",1986,"EBS_SHELF",22.4149188724647,502.428588059175,22.4149188724647,1,354,1,"OROX_allnoSC"
"EBS_SHELF",1987,"EBS_SHELF",0,0,0,0,343,0,"OROX_allnoSC"
"EBS_SHELF",1988,"EBS_SHELF",81.6178866489983,6661.47942104873,81.6178866489983,1,353,1,"OROX_allnoSC"
"EBS_SHELF",1989,"EBS_SHELF",0,0,0,0,354,0,"OROX_allnoSC"
"EBS_SHELF",1990,"EBS_SHELF",0,0,0,0,351,0,"OROX_allnoSC"
"EBS_SHELF",1991,"EBS_SHELF",0,0,0,0,352,0,"OROX_allnoSC"
"EBS_SHELF",1992,"EBS_SHELF",0,0,0,0,336,0,"OROX_allnoSC"
"EBS_SHELF",1993,"EBS_SHELF",0,0,0,0,355,0,"OROX_allnoSC"
"EBS_SHELF",1994,"EBS_SHELF",0,0,0,0,355,0,"OROX_allnoSC"
"EBS_SHELF",1995,"EBS_SHELF",0,0,0,0,356,0,"OROX_allnoSC"
"EBS_SHELF",1996,"EBS_SHELF",0,0,0,0,355,0,"OROX_allnoSC"
"EBS_SHELF",1997,"EBS_SHELF",0,0,0,0,356,0,"OROX_allnoSC"
"EBS_SHELF",1998,"EBS_SHELF",0,0,0,0,355,0,"OROX_allnoSC"
"EBS_SHELF",1999,"EBS_SHELF",0,0,0,0,353,0,"OROX_allnoSC"
"EBS_SHELF",2000,"EBS_SHELF",0,0,0,0,352,0,"OROX_allnoSC"
"EBS_SHELF",2001,"EBS_SHELF",0,0,0,0,355,0,"OROX_allnoSC"
"EBS_SHELF",2002,"EBS_SHELF",0,0,0,0,355,0,"OROX_allnoSC"
"EBS_SHELF",2003,"EBS_SHELF",0,0,0,0,356,0,"OROX_allnoSC"
"EBS_SHELF",2004,"EBS_SHELF",0,0,0,0,355,0,"OROX_allnoSC"
"EBS_SHELF",2005,"EBS_SHELF",0,0,0,0,353,0,"OROX_allnoSC"
"EBS_SHELF",2006,"EBS_SHELF",0,0,0,0,356,0,"OROX_allnoSC"
"EBS_SHELF",2007,"EBS_SHELF",0,0,0,0,356,0,"OROX_allnoSC"
"EBS_SHELF",2008,"EBS_SHELF",0,0,0,0,355,0,"OROX_allnoSC"
"EBS_SHELF",2009,"EBS_SHELF",0,0,0,0,356,0,"OROX_allnoSC"
"EBS_SHELF",2010,"EBS_SHELF",4.76159195581254,22.6727579536587,4.76159195581254,1,356,1,"OROX_allnoSC"
"EBS_SHELF",2011,"EBS_SHELF",0,0,0,0,356,0,"OROX_allnoSC"
"EBS_SHELF",2012,"EBS_SHELF",0,0,0,0,356,0,"OROX_allnoSC"
"EBS_SHELF",2013,"EBS_SHELF",0,0,0,0,356,0,"OROX_allnoSC"
"EBS_SHELF",2014,"EBS_SHELF",0,0,0,0,356,0,"OROX_allnoSC"
"EBS_SHELF",2015,"EBS_SHELF",0,0,0,0,356,0,"OROX_allnoSC"
"EBS_SHELF",2016,"EBS_SHELF",0,0,0,0,356,0,"OROX_allnoSC"
"EBS_SHELF",2017,"EBS_SHELF",0,0,0,0,356,0,"OROX_allnoSC"
"EBS_SHELF",2018,"EBS_SHELF",0,0,0,0,356,0,"OROX_allnoSC"
"EBS_SLOPE",2002,"EBS_SLOPE",0,0,0,0,141,0,"OROX_allnoSC"
"EBS_SLOPE",2004,"EBS_SLOPE",0.686772138350638,0.471655970014708,0.686772138350638,1,231,1,"OROX_allnoSC"
"EBS_SLOPE",2008,"EBS_SLOPE",6.87803872892664,23.6558516195087,4.86372816052755,0.707138815615039,200,2,"OROX_allnoSC"
"EBS_SLOPE",2010,"EBS_SLOPE",4.2056592176296,10.4546391455282,3.23336344160816,0.768812515301835,200,2,"OROX_allnoSC"
"EBS_SLOPE",2012,"EBS_SLOPE",4.10593943859967,16.8587386734482,4.10593943859967,1,189,1,"OROX_allnoSC"
"EBS_SLOPE",2016,"EBS_SLOPE",5.66544470073582,17.3258280170554,4.16243054200973,0.734704998791907,175,2,"OROX_allnoSC"
"GOA",1984,"CENTRAL GOA",1673.40832437824,442257.534459186,665.024461549488,0.397407167074168,485,59,"OROX_allnoSC"
"GOA",1984,"EASTERN GOA",13997.7495919119,8771149.02164406,2961.6125711585,0.211577764819408,202,119,"OROX_allnoSC"
"GOA",1984,"GOA",15736.2279835586,9217133.92252622,3035.97330728157,0.192928909676041,929,181,"OROX_allnoSC"
"GOA",1984,"WESTERN GOA",65.0700672684777,3727.36642296889,61.0521614930126,0.938252626067109,242,3,"OROX_allnoSC"
"GOA",1987,"CENTRAL GOA",23052.103286156,103247659.708946,10161.0855576039,0.440787785455835,446,88,"OROX_allnoSC"
"GOA",1987,"EASTERN GOA",75206.9685355248,767788573.065367,27708.9980523542,0.368436576981101,160,62,"OROX_allnoSC"
"GOA",1987,"GOA",107143.218778044,912363561.742092,30205.356507449,0.281915709196883,783,173,"OROX_allnoSC"
"GOA",1987,"WESTERN GOA",8884.14695636287,41327328.9677791,6428.63352259087,0.723607292198904,177,23,"OROX_allnoSC"
"GOA",1990,"CENTRAL GOA",14101.6288354958,78934055.3827222,8884.48396828551,0.630032464471199,371,46,"OROX_allnoSC"
"GOA",1990,"EASTERN GOA",50715.2689190183,352073219.140752,18763.6142344899,0.369979586708915,202,102,"OROX_allnoSC"
"GOA",1990,"GOA",64946.9414864446,431017256.49664,20760.9550959642,0.319660242973832,708,151,"OROX_allnoSC"
"GOA",1990,"WESTERN GOA",130.043731930542,9981.97316589514,99.9098251719776,0.768278668174029,135,3,"OROX_allnoSC"
"GOA",1993,"CENTRAL GOA",9638.23115289871,20151155.3820437,4489.00382958666,0.465749758267272,412,84,"OROX_allnoSC"
"GOA",1993,"EASTERN GOA",56063.1218625532,502369139.910824,22413.5927488394,0.399792091560465,192,89,"OROX_allnoSC"
"GOA",1993,"GOA",65806.6081010862,522522570.323325,22858.7525977102,0.347362571287624,774,183,"OROX_allnoSC"
"GOA",1993,"WESTERN GOA",105.255085634296,2275.03045678634,47.6972793436517,0.453158904923355,170,10,"OROX_allnoSC"
"GOA",1996,"CENTRAL GOA",4798.44666576722,5072164.96155294,2252.14674511963,0.469349125246459,393,45,"OROX_allnoSC"
"GOA",1996,"EASTERN GOA",60754.854385132,560674978.573254,23678.5763628909,0.389739661176531,214,93,"OROX_allnoSC"
"GOA",1996,"GOA",66539.3729890364,566353714.15791,23798.1872031865,0.357655717722313,807,149,"OROX_allnoSC"
"GOA",1996,"WESTERN GOA",986.07193813719,606570.623103324,778.826439653485,0.789827201780818,200,11,"OROX_allnoSC"
"GOA",1999,"CENTRAL GOA",15924.420594895,80305566.3887753,8961.33731028887,0.562741812607089,414,33,"OROX_allnoSC"
"GOA",1999,"EASTERN GOA",69991.3340085204,455138823.717114,21333.9828376493,0.304808918702024,203,86,"OROX_allnoSC"
"GOA",1999,"GOA",86041.5048893802,535457523.051354,23139.9551220687,0.268939451394054,764,121,"OROX_allnoSC"
"GOA",1999,"WESTERN GOA",125.750285964752,13132.9454649241,114.599063979267,0.911322492033051,147,2,"OROX_allnoSC"
"GOA",2001,"CENTRAL GOA",5918.39837858928,10893502.9445824,3300.530706505,0.557672953960853,350,43,"OROX_allnoSC"
"GOA",2001,"EASTERN GOA",NA,NA,NA,NA,NA,NA,"OROX_allnoSC"
"GOA",2001,"GOA",8968.92183556085,18000107.2501666,4242.6533266538,0.473039391405121,489,50,"OROX_allnoSC"
"GOA",2001,"WESTERN GOA",3050.52345697158,7106604.30558418,2665.82150669999,0.873889856708886,139,7,"OROX_allnoSC"
"GOA",2003,"CENTRAL GOA",2741.17166344326,1519382.5471647,1232.63236496723,0.449673539751568,420,43,"OROX_allnoSC"
"GOA",2003,"EASTERN GOA",66052.7742397613,1479251047.85171,38461.0328495181,0.582277327367213,159,77,"OROX_allnoSC"
"GOA",2003,"GOA",68842.7943761379,1480770710.46119,38480.7836518592,0.558966032691975,809,129,"OROX_allnoSC"
"GOA",2003,"WESTERN GOA",48.848472933339,280.062319239289,16.7350625705221,0.342591314847437,230,9,"OROX_allnoSC"
"GOA",2005,"CENTRAL GOA",16891.0894611582,149034385.352972,12207.9640134206,0.722745802838432,470,70,"OROX_allnoSC"
"GOA",2005,"EASTERN GOA",57164.0380145427,302420935.32317,17390.2540327383,0.304216683018686,187,99,"OROX_allnoSC"
"GOA",2005,"GOA",103578.347193098,922917441.973446,30379.5563162704,0.293300261488387,837,184,"OROX_allnoSC"
"GOA",2005,"WESTERN GOA",29523.2197173967,471462121.297305,21713.1785166821,0.735461061649977,180,15,"OROX_allnoSC"
"GOA",2007,"CENTRAL GOA",4129.19069594475,2495202.2973997,1579.62093471811,0.382549766052084,470,58,"OROX_allnoSC"
"GOA",2007,"EASTERN GOA",50409.7747163924,148984715.251893,12205.9295119992,0.242134180933565,141,78,"OROX_allnoSC"
"GOA",2007,"GOA",55443.7695745059,152127615.844712,12334.0024260056,0.222459665362959,816,148,"OROX_allnoSC"
"GOA",2007,"WESTERN GOA",904.804162168774,647698.295419416,804.797052317798,0.889470988273016,205,12,"OROX_allnoSC"
"GOA",2009,"CENTRAL GOA",3295.29223527804,809655.011309932,899.808319204669,0.273058731960611,470,72,"OROX_allnoSC"
"GOA",2009,"EASTERN GOA",21604.3692658169,24274117.1150207,4926.87701439976,0.228050027926306,157,72,"OROX_allnoSC"
"GOA",2009,"GOA",24979.0607600316,25085326.7169847,5008.52540344807,0.200508956344031,823,152,"OROX_allnoSC"
"GOA",2009,"WESTERN GOA",79.3992589366869,1554.59065408708,39.428297631106,0.496582690558185,196,8,"OROX_allnoSC"
"GOA",2011,"CENTRAL GOA",28146.0380192579,483991845.347272,21999.8146662028,0.78163095818851,383,47,"OROX_allnoSC"
"GOA",2011,"EASTERN GOA",106807.637890779,1243787515.24475,35267.3718221921,0.330195223100585,124,50,"OROX_allnoSC"
"GOA",2011,"GOA",137203.499420502,1732649252.14282,41625.1036292142,0.303382230081766,670,102,"OROX_allnoSC"
"GOA",2011,"WESTERN GOA",2249.82351046551,4869891.5507945,2206.78307742163,0.980869418048277,163,5,"OROX_allnoSC"
"GOA",2013,"CENTRAL GOA",18221.7571923905,102226938.616573,10110.7338317539,0.55487150470736,313,53,"OROX_allnoSC"
"GOA",2013,"EASTERN GOA",28513.2024593181,69414351.7737733,8331.52757744781,0.2921989415021,99,50,"OROX_allnoSC"
"GOA",2013,"GOA",46941.6520697045,171651628.345918,13101.5887718215,0.279103699894641,548,110,"OROX_allnoSC"
"GOA",2013,"WESTERN GOA",206.692417995933,10337.9555721466,101.675737381868,0.491918079858492,136,7,"OROX_allnoSC"
"GOA",2015,"CENTRAL GOA",17016.6313753541,146870332.19746,12119.0070631822,0.712186025298443,434,61,"OROX_allnoSC"
"GOA",2015,"EASTERN GOA",53093.8208552676,275992383.331256,16613.0184894635,0.312899283228272,148,70,"OROX_allnoSC"
"GOA",2015,"GOA",70630.9448626762,423070470.981402,20568.6769380386,0.29121339064668,771,138,"OROX_allnoSC"
"GOA",2015,"WESTERN GOA",520.492632054529,207755.452685819,455.801988461897,0.875712662180673,189,7,"OROX_allnoSC"
"GOA",2017,"CENTRAL GOA",21712.4107320214,270980197.180414,16461.4761543555,0.758159762060789,296,44,"OROX_allnoSC"
"GOA",2017,"EASTERN GOA",56003.0972608744,389505063.713689,19735.8826433907,0.352406984768302,115,63,"OROX_allnoSC"
"GOA",2017,"GOA",89770.9988935013,774090450.573403,27822.4810283591,0.309927274635386,536,116,"OROX_allnoSC"
"GOA",2017,"WESTERN GOA",12055.4909006056,113605189.6793,10658.5735292909,0.884126048218864,125,9,"OROX_allnoSC"
"GOA",2019,"CENTRAL GOA",11418.1358037079,35472686.5080481,5955.89510552764,0.521617119284351,297,42,"OROX_allnoSC"
"GOA",2019,"EASTERN GOA",47936.8323393931,86255773.688643,9287.39865024879,0.193742435555481,121,72,"OROX_allnoSC"
"GOA",2019,"GOA",59486.6746491662,121736783.976308,11033.4393539054,0.185477494228366,541,118,"OROX_allnoSC"
"GOA",2019,"WESTERN GOA",131.706506065129,8323.77961673002,91.2347500502414,0.692712552902481,123,4,"OROX_allnoSC"
"AI",1980,"AI",0.496314664321284,0.246328246020348,0.496314664321284,1,127,1,"OROX_SC"
"AI",1980,"ALEUTIANS",0.496314664321284,0.246328246020348,0.496314664321284,1,109,1,"OROX_SC"
"AI",1980,"S BERING SEA",0,0,0,0,18,0,"OROX_SC"
"AI",1983,"AI",0,0,0,0,290,0,"OROX_SC"
"AI",1983,"ALEUTIANS",0,0,0,0,256,0,"OROX_SC"
"AI",1983,"S BERING SEA",0,0,0,0,34,0,"OROX_SC"
"AI",1986,"AI",0,0,0,0,383,0,"OROX_SC"
"AI",1986,"ALEUTIANS",0,0,0,0,320,0,"OROX_SC"
"AI",1986,"S BERING SEA",0,0,0,0,63,0,"OROX_SC"
"AI",1991,"AI",2.65423184461191,6.40109213971494,2.53003797199073,0.953209109116336,331,2,"OROX_SC"
"AI",1991,"ALEUTIANS",0,0,0,0,276,0,"OROX_SC"
"AI",1991,"S BERING SEA",2.65423184461191,6.40109213971494,2.53003797199073,0.953209109116336,55,2,"OROX_SC"
"AI",1994,"AI",2.06397477303066,2.32503427250024,1.52480630655183,0.73877177496354,380,2,"OROX_SC"
"AI",1994,"ALEUTIANS",1.3442679820114,1.80705640746099,1.3442679820114,1,316,1,"OROX_SC"
"AI",1994,"S BERING SEA",0.719706791019266,0.517977865039249,0.719706791019266,1,64,1,"OROX_SC"
"AI",1997,"AI",0,0,0,0,396,0,"OROX_SC"
"AI",1997,"ALEUTIANS",0,0,0,0,344,0,"OROX_SC"
"AI",1997,"S BERING SEA",0,0,0,0,52,0,"OROX_SC"
"AI",2000,"AI",0,0,0,0,419,0,"OROX_SC"
"AI",2000,"ALEUTIANS",0,0,0,0,361,0,"OROX_SC"
"AI",2000,"S BERING SEA",0,0,0,0,58,0,"OROX_SC"
"AI",2002,"AI",0,0,0,0,414,0,"OROX_SC"
"AI",2002,"ALEUTIANS",0,0,0,0,353,0,"OROX_SC"
"AI",2002,"S BERING SEA",0,0,0,0,61,0,"OROX_SC"
"AI",2004,"AI",2.65132133649197,7.02950482933759,2.65132133649197,1,419,1,"OROX_SC"
"AI",2004,"ALEUTIANS",0,0,0,0,366,0,"OROX_SC"
"AI",2004,"S BERING SEA",2.65132133649197,7.02950482933759,2.65132133649197,1,53,1,"OROX_SC"
"AI",2006,"AI",0,0,0,0,357,0,"OROX_SC"
"AI",2006,"ALEUTIANS",0,0,0,0,313,0,"OROX_SC"
"AI",2006,"S BERING SEA",0,0,0,0,44,0,"OROX_SC"
"AI",2010,"AI",3.00131541855202,9.00789424163808,3.00131541855202,1,418,1,"OROX_SC"
"AI",2010,"ALEUTIANS",3.00131541855202,9.00789424163808,3.00131541855202,1,367,1,"OROX_SC"
"AI",2010,"S BERING SEA",0,0,0,0,51,0,"OROX_SC"
"AI",2012,"AI",0,0,0,0,420,0,"OROX_SC"
"AI",2012,"ALEUTIANS",0,0,0,0,365,0,"OROX_SC"
"AI",2012,"S BERING SEA",0,0,0,0,55,0,"OROX_SC"
"AI",2014,"AI",4.37656049049661,19.1542817269759,4.37656049049661,1,410,1,"OROX_SC"
"AI",2014,"ALEUTIANS",4.37656049049661,19.1542817269759,4.37656049049661,1,366,1,"OROX_SC"
"AI",2014,"S BERING SEA",0,0,0,0,44,0,"OROX_SC"
"AI",2016,"AI",3.54838623443565,9.93706417517822,3.15231092615849,0.88837874963176,419,2,"OROX_SC"
"AI",2016,"ALEUTIANS",3.54838623443565,9.93706417517822,3.15231092615849,0.88837874963176,376,2,"OROX_SC"
"AI",2016,"S BERING SEA",0,0,0,0,43,0,"OROX_SC"
"AI",2018,"AI",0,0,0,0,420,0,"OROX_SC"
"AI",2018,"ALEUTIANS",0,0,0,0,375,0,"OROX_SC"
"AI",2018,"S BERING SEA",0,0,0,0,45,0,"OROX_SC"
"EBS_SHELF",1982,"EBS_SHELF",0,0,0,0,329,0,"OROX_SC"
"EBS_SHELF",1983,"EBS_SHELF",0,0,0,0,353,0,"OROX_SC"
"EBS_SHELF",1984,"EBS_SHELF",0,0,0,0,355,0,"OROX_SC"
"EBS_SHELF",1985,"EBS_SHELF",0,0,0,0,353,0,"OROX_SC"
"EBS_SHELF",1986,"EBS_SHELF",0,0,0,0,354,0,"OROX_SC"
"EBS_SHELF",1987,"EBS_SHELF",0,0,0,0,343,0,"OROX_SC"
"EBS_SHELF",1988,"EBS_SHELF",0,0,0,0,353,0,"OROX_SC"
"EBS_SHELF",1989,"EBS_SHELF",0,0,0,0,354,0,"OROX_SC"
"EBS_SHELF",1990,"EBS_SHELF",0,0,0,0,351,0,"OROX_SC"
"EBS_SHELF",1991,"EBS_SHELF",0,0,0,0,352,0,"OROX_SC"
"EBS_SHELF",1992,"EBS_SHELF",0,0,0,0,336,0,"OROX_SC"
"EBS_SHELF",1993,"EBS_SHELF",0,0,0,0,355,0,"OROX_SC"
"EBS_SHELF",1994,"EBS_SHELF",0,0,0,0,355,0,"OROX_SC"
"EBS_SHELF",1995,"EBS_SHELF",0,0,0,0,356,0,"OROX_SC"
"EBS_SHELF",1996,"EBS_SHELF",0,0,0,0,355,0,"OROX_SC"
"EBS_SHELF",1997,"EBS_SHELF",0,0,0,0,356,0,"OROX_SC"
"EBS_SHELF",1998,"EBS_SHELF",0,0,0,0,355,0,"OROX_SC"
"EBS_SHELF",1999,"EBS_SHELF",0,0,0,0,353,0,"OROX_SC"
"EBS_SHELF",2000,"EBS_SHELF",0,0,0,0,352,0,"OROX_SC"
"EBS_SHELF",2001,"EBS_SHELF",0,0,0,0,355,0,"OROX_SC"
"EBS_SHELF",2002,"EBS_SHELF",0,0,0,0,355,0,"OROX_SC"
"EBS_SHELF",2003,"EBS_SHELF",0,0,0,0,356,0,"OROX_SC"
"EBS_SHELF",2004,"EBS_SHELF",0,0,0,0,355,0,"OROX_SC"
"EBS_SHELF",2005,"EBS_SHELF",0,0,0,0,353,0,"OROX_SC"
"EBS_SHELF",2006,"EBS_SHELF",0,0,0,0,356,0,"OROX_SC"
"EBS_SHELF",2007,"EBS_SHELF",0,0,0,0,356,0,"OROX_SC"
"EBS_SHELF",2008,"EBS_SHELF",0,0,0,0,355,0,"OROX_SC"
"EBS_SHELF",2009,"EBS_SHELF",0,0,0,0,356,0,"OROX_SC"
"EBS_SHELF",2010,"EBS_SHELF",0,0,0,0,356,0,"OROX_SC"
"EBS_SHELF",2011,"EBS_SHELF",0,0,0,0,356,0,"OROX_SC"
"EBS_SHELF",2012,"EBS_SHELF",0,0,0,0,356,0,"OROX_SC"
"EBS_SHELF",2013,"EBS_SHELF",0,0,0,0,356,0,"OROX_SC"
"EBS_SHELF",2014,"EBS_SHELF",0,0,0,0,356,0,"OROX_SC"
"EBS_SHELF",2015,"EBS_SHELF",0,0,0,0,356,0,"OROX_SC"
"EBS_SHELF",2016,"EBS_SHELF",0,0,0,0,356,0,"OROX_SC"
"EBS_SHELF",2017,"EBS_SHELF",0,0,0,0,356,0,"OROX_SC"
"EBS_SHELF",2018,"EBS_SHELF",0,0,0,0,356,0,"OROX_SC"
"EBS_SLOPE",2002,"EBS_SLOPE",0,0,0,0,141,0,"OROX_SC"
"EBS_SLOPE",2004,"EBS_SLOPE",0,0,0,0,231,0,"OROX_SC"
"EBS_SLOPE",2008,"EBS_SLOPE",0,0,0,0,200,0,"OROX_SC"
"EBS_SLOPE",2010,"EBS_SLOPE",0,0,0,0,200,0,"OROX_SC"
"EBS_SLOPE",2012,"EBS_SLOPE",0,0,0,0,189,0,"OROX_SC"
"EBS_SLOPE",2016,"EBS_SLOPE",0,0,0,0,175,0,"OROX_SC"
"GOA",1984,"CENTRAL GOA",1945.52199713742,1684761.06944824,1297.98346270214,0.667164629653097,485,16,"OROX_SC"
"GOA",1984,"EASTERN GOA",4666.44673324888,4118453.85359682,2029.39741144923,0.434891369698828,202,54,"OROX_SC"
"GOA",1984,"GOA",6611.9687303863,5803214.92304506,2408.98628535844,0.364337216884826,929,70,"OROX_SC"
"GOA",1984,"WESTERN GOA",0,0,0,0,242,0,"OROX_SC"
"GOA",1987,"CENTRAL GOA",42.8950668466433,573.572199042738,23.9493674038113,0.558324515250998,446,9,"OROX_SC"
"GOA",1987,"EASTERN GOA",77029.0711476843,984342920.380062,31374.2397578023,0.407303882681513,160,44,"OROX_SC"
"GOA",1987,"GOA",80438.2902188362,995675631.254223,31554.328249136,0.39227994731478,783,54,"OROX_SC"
"GOA",1987,"WESTERN GOA",3366.32400430526,11332137.3019618,3366.32400430526,1,177,1,"OROX_SC"
"GOA",1990,"CENTRAL GOA",3363.27843074977,8412941.09429384,2900.50704089713,0.862404674670519,371,30,"OROX_SC"
"GOA",1990,"EASTERN GOA",34968.5703341753,193376125.238883,13905.9744440612,0.39767066000038,202,64,"OROX_SC"
"GOA",1990,"GOA",38333.4873987864,201789069.018297,14205.2479393461,0.370570196016026,708,95,"OROX_SC"
"GOA",1990,"WESTERN GOA",1.63863386135146,2.6851209315676,1.63863386135146,1,135,1,"OROX_SC"
"GOA",1993,"CENTRAL GOA",7047.36349869318,37039924.8126467,6086.0434448537,0.863591532632346,412,35,"OROX_SC"
"GOA",1993,"EASTERN GOA",16554.8000413534,21417035.0816481,4627.85426322481,0.279547578446406,192,56,"OROX_SC"
"GOA",1993,"GOA",23678.4447604764,58460122.3208065,7645.9219405384,0.322906424720124,774,94,"OROX_SC"
"GOA",1993,"WESTERN GOA",76.2812204298175,3162.42651170836,56.2354560016042,0.737212326765846,170,3,"OROX_SC"
"GOA",1996,"CENTRAL GOA",1921.44178215485,979264.085495839,989.577730901337,0.515018326390066,393,17,"OROX_SC"
"GOA",1996,"EASTERN GOA",62576.4912892807,419288605.105574,20476.5379179581,0.327224129957981,214,54,"OROX_SC"
"GOA",1996,"GOA",64570.1766174505,420270039.659022,20500.4887663446,0.317491601235674,807,74,"OROX_SC"
"GOA",1996,"WESTERN GOA",72.2435460149237,2170.46795264329,46.5882812802028,0.64487810815071,200,3,"OROX_SC"
"GOA",1999,"CENTRAL GOA",2856.30954644665,2717257.64747257,1648.41064285346,0.577112044772649,414,17,"OROX_SC"
"GOA",1999,"EASTERN GOA",17984.2520434272,185379735.724042,13615.422715584,0.757074727528638,203,37,"OROX_SC"
"GOA",1999,"GOA",20840.5615898739,188096993.371514,13714.8457290454,0.658084268502113,764,54,"OROX_SC"
"GOA",1999,"WESTERN GOA",0,0,0,0,147,0,"OROX_SC"
"GOA",2001,"CENTRAL GOA",1774.01741743932,1518718.65554428,1232.36303723549,0.69467358387852,350,12,"OROX_SC"
"GOA",2001,"EASTERN GOA",NA,NA,NA,NA,NA,NA,"OROX_SC"
"GOA",2001,"GOA",1797.22718124004,1519229.2314485,1232.57017303215,0.685817678420434,489,14,"OROX_SC"
"GOA",2001,"WESTERN GOA",23.209763800724,510.575904223424,22.5959267175176,0.973552635499577,139,2,"OROX_SC"
"GOA",2003,"CENTRAL GOA",289.407430616318,12178.2294932858,110.35501571422,0.381313691494409,420,19,"OROX_SC"
"GOA",2003,"EASTERN GOA",6765.85753899768,10557911.5989587,3249.29401546839,0.480248659795127,159,34,"OROX_SC"
"GOA",2003,"GOA",7093.23776998746,10571214.1481718,3251.34036178493,0.458371827819143,809,55,"OROX_SC"
"GOA",2003,"WESTERN GOA",37.9728003734584,1124.31971977058,33.5308771100695,0.883023553182724,230,2,"OROX_SC"
"GOA",2005,"CENTRAL GOA",10757.3631747265,31287716.5717478,5593.54239920891,0.519973371574036,470,28,"OROX_SC"
"GOA",2005,"EASTERN GOA",10183.3472918267,15019825.1683113,3875.54191930771,0.38057642622267,187,57,"OROX_SC"
"GOA",2005,"GOA",21135.390140149,46343050.072845,6807.57299430898,0.322093557259549,837,88,"OROX_SC"
"GOA",2005,"WESTERN GOA",194.679673595812,35508.3327859047,188.436548434492,0.967931294284573,180,3,"OROX_SC"
"GOA",2007,"CENTRAL GOA",4047.70475104152,11081561.672713,3328.89796670204,0.822416201637601,470,16,"OROX_SC"
"GOA",2007,"EASTERN GOA",14936.7394261004,30988183.402926,5566.70309994399,0.372685292361514,141,41,"OROX_SC"
"GOA",2007,"GOA",19036.9601372063,42070721.3500003,6486.19467407511,0.340715882542525,816,60,"OROX_SC"
"GOA",2007,"WESTERN GOA",52.5159600643453,976.274361334539,31.2453894412366,0.594969403643256,205,3,"OROX_SC"
"GOA",2009,"CENTRAL GOA",654.637048752137,75670.5728451893,275.082847239135,0.420206659191525,470,14,"OROX_SC"
"GOA",2009,"EASTERN GOA",11823.3423489486,19482847.6727177,4413.93788727454,0.373324036216127,157,33,"OROX_SC"
"GOA",2009,"GOA",12492.6870705398,19558734.5612032,4422.52581238405,0.354009172519275,823,48,"OROX_SC"
"GOA",2009,"WESTERN GOA",14.7076728391235,216.315640342692,14.7076728391235,1,196,1,"OROX_SC"
"GOA",2011,"CENTRAL GOA",538.025745204728,78764.2733902203,280.6497343491,0.521628819532247,383,7,"OROX_SC"
"GOA",2011,"EASTERN GOA",7502.96027098132,25342976.238702,5034.18079122135,0.67095927599293,124,25,"OROX_SC"
"GOA",2011,"GOA",8040.98601618605,25421740.5120922,5041.99767077418,0.627037239043187,670,32,"OROX_SC"
"GOA",2011,"WESTERN GOA",0,0,0,0,163,0,"OROX_SC"
"GOA",2013,"CENTRAL GOA",810.506219026559,229052.27556301,478.59406135368,0.590487833552325,313,17,"OROX_SC"
"GOA",2013,"EASTERN GOA",13949.1349769211,55120277.2261231,7424.30314750975,0.53224111457759,99,24,"OROX_SC"
"GOA",2013,"GOA",14919.7605776126,55371933.7242057,7441.23200311653,0.498750094842825,548,43,"OROX_SC"
"GOA",2013,"WESTERN GOA",160.119381664922,22604.2225195662,150.347007018983,0.938968196452388,136,2,"OROX_SC"
"GOA",2015,"CENTRAL GOA",15888.7564708409,230589127.581085,15185.1614275609,0.955717425427776,434,14,"OROX_SC"
"GOA",2015,"EASTERN GOA",29060.6667932006,379786798.031178,19488.1194072486,0.670601247587625,148,24,"OROX_SC"
"GOA",2015,"GOA",45016.343388351,610377093.032951,24705.8109163199,0.548818696871614,771,44,"OROX_SC"
"GOA",2015,"WESTERN GOA",66.9201243095385,1167.42068759469,34.1675385065223,0.510571952145227,189,6,"OROX_SC"
"GOA",2017,"CENTRAL GOA",343.643018548053,30307.0300647802,174.089144017599,0.506598809290972,296,9,"OROX_SC"
"GOA",2017,"EASTERN GOA",11234.288619834,35771986.3102083,5980.96867657809,0.532385171769467,115,18,"OROX_SC"
"GOA",2017,"GOA",11621.669532227,35803717.5593847,5983.62077335995,0.514867571889503,536,29,"OROX_SC"
"GOA",2017,"WESTERN GOA",43.7378938449943,1424.21911168271,37.7388276405442,0.862840533069321,125,2,"OROX_SC"
"GOA",2019,"CENTRAL GOA",2598.16139338776,4540527.73644001,2130.8514111594,0.820138201030293,297,7,"OROX_SC"
"GOA",2019,"EASTERN GOA",8523.65010102294,16524967.0948491,4065.09127755443,0.476919069808669,121,19,"OROX_SC"
"GOA",2019,"GOA",11336.0653780687,21098168.8143835,4593.27430210558,0.405191232488121,541,28,"OROX_SC"
"GOA",2019,"WESTERN GOA",214.253883658028,32673.9830944085,180.759461977537,0.843669477030569,123,2,"OROX_SC"
"AI",1980,"AI",0,0,0,0,127,0,"OROX_M01"
"AI",1980,"ALEUTIANS",0,0,0,0,109,0,"OROX_M01"
"AI",1980,"S BERING SEA",0,0,0,0,18,0,"OROX_M01"
"AI",1983,"AI",1.81586333802347,3.29735966237772,1.81586333802347,1,290,1,"OROX_M01"
"AI",1983,"ALEUTIANS",1.81586333802347,3.29735966237772,1.81586333802347,1,256,1,"OROX_M01"
"AI",1983,"S BERING SEA",0,0,0,0,34,0,"OROX_M01"
"AI",1986,"AI",0,0,0,0,383,0,"OROX_M01"
"AI",1986,"ALEUTIANS",0,0,0,0,320,0,"OROX_M01"
"AI",1986,"S BERING SEA",0,0,0,0,63,0,"OROX_M01"
"AI",1991,"AI",0,0,0,0,331,0,"OROX_M01"
"AI",1991,"ALEUTIANS",0,0,0,0,276,0,"OROX_M01"
"AI",1991,"S BERING SEA",0,0,0,0,55,0,"OROX_M01"
"AI",1994,"AI",0,0,0,0,380,0,"OROX_M01"
"AI",1994,"ALEUTIANS",0,0,0,0,316,0,"OROX_M01"
"AI",1994,"S BERING SEA",0,0,0,0,64,0,"OROX_M01"
"AI",1997,"AI",0,0,0,0,396,0,"OROX_M01"
"AI",1997,"ALEUTIANS",0,0,0,0,344,0,"OROX_M01"
"AI",1997,"S BERING SEA",0,0,0,0,52,0,"OROX_M01"
"AI",2000,"AI",0,0,0,0,419,0,"OROX_M01"
"AI",2000,"ALEUTIANS",0,0,0,0,361,0,"OROX_M01"
"AI",2000,"S BERING SEA",0,0,0,0,58,0,"OROX_M01"
"AI",2002,"AI",0,0,0,0,414,0,"OROX_M01"
"AI",2002,"ALEUTIANS",0,0,0,0,353,0,"OROX_M01"
"AI",2002,"S BERING SEA",0,0,0,0,61,0,"OROX_M01"
"AI",2004,"AI",0,0,0,0,419,0,"OROX_M01"
"AI",2004,"ALEUTIANS",0,0,0,0,366,0,"OROX_M01"
"AI",2004,"S BERING SEA",0,0,0,0,53,0,"OROX_M01"
"AI",2006,"AI",0,0,0,0,357,0,"OROX_M01"
"AI",2006,"ALEUTIANS",0,0,0,0,313,0,"OROX_M01"
"AI",2006,"S BERING SEA",0,0,0,0,44,0,"OROX_M01"
"AI",2010,"AI",0,0,0,0,418,0,"OROX_M01"
"AI",2010,"ALEUTIANS",0,0,0,0,367,0,"OROX_M01"
"AI",2010,"S BERING SEA",0,0,0,0,51,0,"OROX_M01"
"AI",2012,"AI",0,0,0,0,420,0,"OROX_M01"
"AI",2012,"ALEUTIANS",0,0,0,0,365,0,"OROX_M01"
"AI",2012,"S BERING SEA",0,0,0,0,55,0,"OROX_M01"
"AI",2014,"AI",2.15099813523779,4.62679297779645,2.15099813523779,1,410,1,"OROX_M01"
"AI",2014,"ALEUTIANS",2.15099813523779,4.62679297779645,2.15099813523779,1,366,1,"OROX_M01"
"AI",2014,"S BERING SEA",0,0,0,0,44,0,"OROX_M01"
"AI",2016,"AI",0,0,0,0,419,0,"OROX_M01"
"AI",2016,"ALEUTIANS",0,0,0,0,376,0,"OROX_M01"
"AI",2016,"S BERING SEA",0,0,0,0,43,0,"OROX_M01"
"AI",2018,"AI",0,0,0,0,420,0,"OROX_M01"
"AI",2018,"ALEUTIANS",0,0,0,0,375,0,"OROX_M01"
"AI",2018,"S BERING SEA",0,0,0,0,45,0,"OROX_M01"
"EBS_SHELF",1982,"EBS_SHELF",0,0,0,0,329,0,"OROX_M01"
"EBS_SHELF",1983,"EBS_SHELF",0,0,0,0,353,0,"OROX_M01"
"EBS_SHELF",1984,"EBS_SHELF",0,0,0,0,355,0,"OROX_M01"
"EBS_SHELF",1985,"EBS_SHELF",0,0,0,0,353,0,"OROX_M01"
"EBS_SHELF",1986,"EBS_SHELF",0,0,0,0,354,0,"OROX_M01"
"EBS_SHELF",1987,"EBS_SHELF",0,0,0,0,343,0,"OROX_M01"
"EBS_SHELF",1988,"EBS_SHELF",0,0,0,0,353,0,"OROX_M01"
"EBS_SHELF",1989,"EBS_SHELF",0,0,0,0,354,0,"OROX_M01"
"EBS_SHELF",1990,"EBS_SHELF",0,0,0,0,351,0,"OROX_M01"
"EBS_SHELF",1991,"EBS_SHELF",0,0,0,0,352,0,"OROX_M01"
"EBS_SHELF",1992,"EBS_SHELF",0,0,0,0,336,0,"OROX_M01"
"EBS_SHELF",1993,"EBS_SHELF",0,0,0,0,355,0,"OROX_M01"
"EBS_SHELF",1994,"EBS_SHELF",0,0,0,0,355,0,"OROX_M01"
"EBS_SHELF",1995,"EBS_SHELF",0,0,0,0,356,0,"OROX_M01"
"EBS_SHELF",1996,"EBS_SHELF",0,0,0,0,355,0,"OROX_M01"
"EBS_SHELF",1997,"EBS_SHELF",0,0,0,0,356,0,"OROX_M01"
"EBS_SHELF",1998,"EBS_SHELF",0,0,0,0,355,0,"OROX_M01"
"EBS_SHELF",1999,"EBS_SHELF",0,0,0,0,353,0,"OROX_M01"
"EBS_SHELF",2000,"EBS_SHELF",0,0,0,0,352,0,"OROX_M01"
"EBS_SHELF",2001,"EBS_SHELF",0,0,0,0,355,0,"OROX_M01"
"EBS_SHELF",2002,"EBS_SHELF",0,0,0,0,355,0,"OROX_M01"
"EBS_SHELF",2003,"EBS_SHELF",0,0,0,0,356,0,"OROX_M01"
"EBS_SHELF",2004,"EBS_SHELF",0,0,0,0,355,0,"OROX_M01"
"EBS_SHELF",2005,"EBS_SHELF",0,0,0,0,353,0,"OROX_M01"
"EBS_SHELF",2006,"EBS_SHELF",0,0,0,0,356,0,"OROX_M01"
"EBS_SHELF",2007,"EBS_SHELF",0,0,0,0,356,0,"OROX_M01"
"EBS_SHELF",2008,"EBS_SHELF",0,0,0,0,355,0,"OROX_M01"
"EBS_SHELF",2009,"EBS_SHELF",0,0,0,0,356,0,"OROX_M01"
"EBS_SHELF",2010,"EBS_SHELF",0,0,0,0,356,0,"OROX_M01"
"EBS_SHELF",2011,"EBS_SHELF",0,0,0,0,356,0,"OROX_M01"
"EBS_SHELF",2012,"EBS_SHELF",0,0,0,0,356,0,"OROX_M01"
"EBS_SHELF",2013,"EBS_SHELF",0,0,0,0,356,0,"OROX_M01"
"EBS_SHELF",2014,"EBS_SHELF",0,0,0,0,356,0,"OROX_M01"
"EBS_SHELF",2015,"EBS_SHELF",0,0,0,0,356,0,"OROX_M01"
"EBS_SHELF",2016,"EBS_SHELF",0,0,0,0,356,0,"OROX_M01"
"EBS_SHELF",2017,"EBS_SHELF",0,0,0,0,356,0,"OROX_M01"
"EBS_SHELF",2018,"EBS_SHELF",0,0,0,0,356,0,"OROX_M01"
"EBS_SLOPE",2002,"EBS_SLOPE",0,0,0,0,141,0,"OROX_M01"
"EBS_SLOPE",2004,"EBS_SLOPE",0,0,0,0,231,0,"OROX_M01"
"EBS_SLOPE",2008,"EBS_SLOPE",0,0,0,0,200,0,"OROX_M01"
"EBS_SLOPE",2010,"EBS_SLOPE",0,0,0,0,200,0,"OROX_M01"
"EBS_SLOPE",2012,"EBS_SLOPE",0,0,0,0,189,0,"OROX_M01"
"EBS_SLOPE",2016,"EBS_SLOPE",0,0,0,0,175,0,"OROX_M01"
"GOA",1984,"CENTRAL GOA",138.767267200032,9175.53385971921,95.7890069878544,0.690285316707833,485,6,"OROX_M01"
"GOA",1984,"EASTERN GOA",5225.25888169624,4723479.47780097,2173.35673045199,0.415932833120504,202,32,"OROX_M01"
"GOA",1984,"GOA",5364.02614889627,4732655.01166069,2175.46661929359,0.405565998171211,929,38,"OROX_M01"
"GOA",1984,"WESTERN GOA",0,0,0,0,242,0,"OROX_M01"
"GOA",1987,"CENTRAL GOA",1819.67027511949,2519465.67603481,1587.28248148677,0.872291262428049,446,7,"OROX_M01"
"GOA",1987,"EASTERN GOA",23435.9222962575,153574843.25168,12392.5317531036,0.528783616725105,160,13,"OROX_M01"
"GOA",1987,"GOA",26518.5922469593,157644112.655022,12555.6406708309,0.473465580446508,783,24,"OROX_M01"
"GOA",1987,"WESTERN GOA",1262.99967558232,1549803.72730735,1244.91113229312,0.985678109314749,177,4,"OROX_M01"
"GOA",1990,"CENTRAL GOA",14.6989860505798,105.549037088723,10.273706102898,0.698939781801667,371,2,"OROX_M01"
"GOA",1990,"EASTERN GOA",27049.263388292,195093127.225301,13967.5741353072,0.516375397540507,202,27,"OROX_M01"
"GOA",1990,"GOA",27063.9623743425,195093232.774338,13967.5779136663,0.516095083213239,708,29,"OROX_M01"
"GOA",1990,"WESTERN GOA",0,0,0,0,135,0,"OROX_M01"
"GOA",1993,"CENTRAL GOA",111.503079926658,9352.92058218729,96.7104988209,0.867334775725589,412,3,"OROX_M01"
"GOA",1993,"EASTERN GOA",29502.4700228675,268052243.051282,16372.3010921276,0.554946791893606,192,22,"OROX_M01"
"GOA",1993,"GOA",29619.5074170593,268061626.600498,16372.5876574382,0.552763671147633,774,26,"OROX_M01"
"GOA",1993,"WESTERN GOA",5.53431426513056,30.6286343852276,5.53431426513056,1,170,1,"OROX_M01"
"GOA",1996,"CENTRAL GOA",90.739644118703,7880.66263777449,88.7730963624368,0.978327579137366,393,2,"OROX_M01"
"GOA",1996,"EASTERN GOA",14720.978617062,65529346.0924278,8095.01983273838,0.549896854231961,214,21,"OROX_M01"
"GOA",1996,"GOA",14963.8030494814,65560356.537898,8096.93500887206,0.541101415335233,807,24,"OROX_M01"
"GOA",1996,"WESTERN GOA",152.08478830065,23129.7828324534,152.08478830065,1,200,1,"OROX_M01"
"GOA",1999,"CENTRAL GOA",138.896659807786,8057.32664858569,89.7626127548975,0.646254653489269,414,5,"OROX_M01"
"GOA",1999,"EASTERN GOA",8087.15714072132,16366605.8379291,4045.56619497557,0.500245775441273,203,13,"OROX_M01"
"GOA",1999,"GOA",8226.05380052911,16374663.1645777,4046.56189432185,0.491920183413045,764,18,"OROX_M01"
"GOA",1999,"WESTERN GOA",0,0,0,0,147,0,"OROX_M01"
"GOA",2001,"CENTRAL GOA",124.159856538084,5821.82461747692,76.300882153989,0.614537454226075,350,4,"OROX_M01"
"GOA",2001,"EASTERN GOA",NA,NA,NA,NA,NA,NA,"OROX_M01"
"GOA",2001,"GOA",126.622307445125,5827.88828194651,76.3406070315563,0.602900141151197,489,5,"OROX_M01"
"GOA",2001,"WESTERN GOA",2.46245090704103,6.06366446958717,2.46245090704103,1,139,1,"OROX_M01"
"GOA",2003,"CENTRAL GOA",175.003117558934,30626.0911553461,175.003117558934,1,420,1,"OROX_M01"
"GOA",2003,"EASTERN GOA",7845.46956139206,8283288.49133403,2878.07027213271,0.366844871375938,159,16,"OROX_M01"
"GOA",2003,"GOA",8025.36223238602,8313938.49022217,2883.39010371857,0.359284730112588,809,18,"OROX_M01"
"GOA",2003,"WESTERN GOA",4.88955343502166,23.9077327939321,4.88955343502166,1,230,1,"OROX_M01"
"GOA",2005,"CENTRAL GOA",12826.7327493107,146058076.893851,12085.448973615,0.942207903588265,470,9,"OROX_M01"
"GOA",2005,"EASTERN GOA",6079.39336577926,4706593.47735552,2169.46847807372,0.356856078812995,187,21,"OROX_M01"
"GOA",2005,"GOA",21702.3594516474,157758804.432869,12560.2071811284,0.578748463231031,837,34,"OROX_M01"
"GOA",2005,"WESTERN GOA",2796.23333655746,6994134.06166208,2644.64252058044,0.945787494199734,180,4,"OROX_M01"
"GOA",2007,"CENTRAL GOA",655.450017259833,153391.900859011,391.652780992311,0.597532642732469,470,6,"OROX_M01"
"GOA",2007,"EASTERN GOA",10829.9659610121,48971258.9575476,6997.94676727021,0.646165167320267,141,15,"OROX_M01"
"GOA",2007,"GOA",11500.584674102,49124778.0836052,7008.90705342889,0.609439193923082,816,23,"OROX_M01"
"GOA",2007,"WESTERN GOA",15.1686958300364,127.225198586688,11.2794148157911,0.74359819342254,205,2,"OROX_M01"
"GOA",2009,"CENTRAL GOA",48.2611779038977,853.696339696082,29.2180824096326,0.605415857603278,470,3,"OROX_M01"
"GOA",2009,"EASTERN GOA",1541.9072046266,534927.460965384,731.387353572226,0.474339409905892,157,10,"OROX_M01"
"GOA",2009,"GOA",1591.39177253711,535782.653988189,731.971757643824,0.459956982482611,823,14,"OROX_M01"
"GOA",2009,"WESTERN GOA",1.22339000661029,1.49668310827392,1.22339000661029,1,196,1,"OROX_M01"
"GOA",2011,"CENTRAL GOA",499.135649479621,218180.331036987,467.097774600765,0.935813290610963,383,2,"OROX_M01"
"GOA",2011,"EASTERN GOA",18245.6080700863,265206886.96987,16285.173839105,0.89255308875151,124,14,"OROX_M01"
"GOA",2011,"GOA",18744.7437195659,265425067.300907,16291.871203177,0.869143448793668,670,16,"OROX_M01"
"GOA",2011,"WESTERN GOA",0,0,0,0,163,0,"OROX_M01"
"GOA",2013,"CENTRAL GOA",8721.40955016706,74082924.1756671,8607.14378732382,0.986898245956005,313,4,"OROX_M01"
"GOA",2013,"EASTERN GOA",1131.92210549164,439675.572655166,663.080366663925,0.58580035096666,99,11,"OROX_M01"
"GOA",2013,"GOA",9871.12194969739,74522750.9305316,8632.65607623353,0.874536463051008,548,17,"OROX_M01"
"GOA",2013,"WESTERN GOA",17.7902940386873,151.182209372652,12.295617486432,0.691141892297765,136,2,"OROX_M01"
"GOA",2015,"CENTRAL GOA",11951.6739707557,135334081.83173,11633.3177482492,0.97336304326193,434,9,"OROX_M01"
"GOA",2015,"EASTERN GOA",4747.56646575146,5167609.99198962,2273.23777726608,0.478821685523525,148,12,"OROX_M01"
"GOA",2015,"GOA",16699.2404365072,140501691.823719,11853.3409561912,0.709813179902356,771,21,"OROX_M01"
"GOA",2015,"WESTERN GOA",0,0,0,0,189,0,"OROX_M01"
"GOA",2017,"CENTRAL GOA",15710.1705148028,212981396.272203,14593.8821521966,0.928944860174854,296,10,"OROX_M01"
"GOA",2017,"EASTERN GOA",14378.4874954263,52586552.0509951,7251.65857242294,0.504340847723352,115,20,"OROX_M01"
"GOA",2017,"GOA",30161.455696202,265573247.826281,16296.4182514527,0.540306091841077,536,31,"OROX_M01"
"GOA",2017,"WESTERN GOA",72.7976859728765,5299.50308300554,72.7976859728765,1,125,1,"OROX_M01"
"GOA",2019,"CENTRAL GOA",6551.72528678509,25294910.2803293,5029.40456518754,0.767645825341901,297,8,"OROX_M01"
"GOA",2019,"EASTERN GOA",11019.6577694316,14926908.3961851,3863.53573766117,0.350603967790958,121,22,"OROX_M01"
"GOA",2019,"GOA",17580.4832166169,40221901.4894336,6342.07391075141,0.360745141792061,541,31,"OROX_M01"
"GOA",2019,"WESTERN GOA",9.1001604002251,82.8129193098251,9.1001604002251,1,123,1,"OROX_M01"
"AI",1980,"AI",0,0,0,0,127,0,"OROX_M0092"
"AI",1980,"ALEUTIANS",0,0,0,0,109,0,"OROX_M0092"
"AI",1980,"S BERING SEA",0,0,0,0,18,0,"OROX_M0092"
"AI",1983,"AI",6.21929979830998,9.68320295516689,3.11178452903907,0.500343226722188,290,7,"OROX_M0092"
"AI",1983,"ALEUTIANS",6.21929979830998,9.68320295516689,3.11178452903907,0.500343226722188,256,7,"OROX_M0092"
"AI",1983,"S BERING SEA",0,0,0,0,34,0,"OROX_M0092"
"AI",1986,"AI",18.1320086710367,315.385216029215,17.7590882657082,0.9794330340287,383,2,"OROX_M0092"
"AI",1986,"ALEUTIANS",0,0,0,0,320,0,"OROX_M0092"
"AI",1986,"S BERING SEA",18.1320086710367,315.385216029215,17.7590882657082,0.9794330340287,63,2,"OROX_M0092"
"AI",1991,"AI",22.1429329644418,145.047127938351,12.0435513009391,0.543900454392343,331,8,"OROX_M0092"
"AI",1991,"ALEUTIANS",22.1429329644418,145.047127938351,12.0435513009391,0.543900454392343,276,8,"OROX_M0092"
"AI",1991,"S BERING SEA",0,0,0,0,55,0,"OROX_M0092"
"AI",1994,"AI",19.8242792936521,146.773486090312,12.115010775493,0.611119859442877,380,7,"OROX_M0092"
"AI",1994,"ALEUTIANS",18.1723869485528,144.714983157104,12.0297540771665,0.661979854997779,316,5,"OROX_M0092"
"AI",1994,"S BERING SEA",1.6518923450993,2.05850293320767,1.43474838672419,0.868548359692256,64,2,"OROX_M0092"
"AI",1997,"AI",67.7618505596807,893.05177114802,29.8839718101196,0.441014694305013,396,11,"OROX_M0092"
"AI",1997,"ALEUTIANS",67.7618505596807,893.05177114802,29.8839718101196,0.441014694305013,344,11,"OROX_M0092"
"AI",1997,"S BERING SEA",0,0,0,0,52,0,"OROX_M0092"
"AI",2000,"AI",25.3594657205505,232.990481626081,15.2640257345853,0.60190644009569,419,5,"OROX_M0092"
"AI",2000,"ALEUTIANS",25.3594657205505,232.990481626081,15.2640257345853,0.60190644009569,361,5,"OROX_M0092"
"AI",2000,"S BERING SEA",0,0,0,0,58,0,"OROX_M0092"
"AI",2002,"AI",24.1121709359631,157.006993240269,12.5302431437011,0.519664661343802,414,6,"OROX_M0092"
"AI",2002,"ALEUTIANS",21.8790975829105,152.020376640156,12.3296543601253,0.563535781738813,353,5,"OROX_M0092"
"AI",2002,"S BERING SEA",2.23307335305256,4.98661660011341,2.23307335305256,1,61,1,"OROX_M0092"
"AI",2004,"AI",4662.50197290147,17310054.4030688,4160.53535053709,0.89233964397617,419,12,"OROX_M0092"
"AI",2004,"ALEUTIANS",495.790933236903,154498.776271298,393.063323487829,0.792800547847075,366,8,"OROX_M0092"
"AI",2004,"S BERING SEA",4166.71103966456,17155555.6267975,4141.92655980251,0.994051788178705,53,4,"OROX_M0092"
"AI",2006,"AI",48.4803177831434,685.921712949912,26.1901071580456,0.540221441517694,357,8,"OROX_M0092"
"AI",2006,"ALEUTIANS",41.0897726998019,671.819810129611,25.9194870730424,0.630801422592619,313,5,"OROX_M0092"
"AI",2006,"S BERING SEA",7.39054508334147,14.1019028203008,3.75525003432538,0.50811543559755,44,3,"OROX_M0092"
"AI",2010,"AI",22.2088180053172,67.8949766013663,8.23984081165203,0.37101662995659,418,9,"OROX_M0092"
"AI",2010,"ALEUTIANS",22.2088180053172,67.8949766013663,8.23984081165203,0.37101662995659,367,9,"OROX_M0092"
"AI",2010,"S BERING SEA",0,0,0,0,51,0,"OROX_M0092"
"AI",2012,"AI",11.0214278352294,28.8621799529537,5.37235329748088,0.487446216388446,420,6,"OROX_M0092"
"AI",2012,"ALEUTIANS",11.0214278352294,28.8621799529537,5.37235329748088,0.487446216388446,365,6,"OROX_M0092"
"AI",2012,"S BERING SEA",0,0,0,0,55,0,"OROX_M0092"
"AI",2014,"AI",96.2193863925408,2548.74453060342,50.4850921619781,0.524687321908465,410,12,"OROX_M0092"
"AI",2014,"ALEUTIANS",95.4950411424115,2548.21985456203,50.4798955482481,0.528612742026757,366,11,"OROX_M0092"
"AI",2014,"S BERING SEA",0.724345250129374,0.524676041384986,0.724345250129374,1,44,1,"OROX_M0092"
"AI",2016,"AI",80.6771773919137,1303.94760039104,36.1102146267651,0.447588968703613,419,13,"OROX_M0092"
"AI",2016,"ALEUTIANS",79.6285546014036,1302.84799063426,36.0949856716174,0.45329198617629,376,12,"OROX_M0092"
"AI",2016,"S BERING SEA",1.04862279051011,1.09960975677721,1.04862279051011,1,43,1,"OROX_M0092"
"AI",2018,"AI",17.7622051111268,83.0038851278505,9.1106468007409,0.5129231840158,420,7,"OROX_M0092"
"AI",2018,"ALEUTIANS",17.7622051111268,83.0038851278505,9.1106468007409,0.5129231840158,375,7,"OROX_M0092"
"AI",2018,"S BERING SEA",0,0,0,0,45,0,"OROX_M0092"
"EBS_SHELF",1982,"EBS_SHELF",0,0,0,0,329,0,"OROX_M0092"
"EBS_SHELF",1983,"EBS_SHELF",0,0,0,0,353,0,"OROX_M0092"
"EBS_SHELF",1984,"EBS_SHELF",17.7520892790062,315.136673769805,17.7520892790062,1,355,1,"OROX_M0092"
"EBS_SHELF",1985,"EBS_SHELF",0,0,0,0,353,0,"OROX_M0092"
"EBS_SHELF",1986,"EBS_SHELF",0,0,0,0,354,0,"OROX_M0092"
"EBS_SHELF",1987,"EBS_SHELF",0,0,0,0,343,0,"OROX_M0092"
"EBS_SHELF",1988,"EBS_SHELF",0,0,0,0,353,0,"OROX_M0092"
"EBS_SHELF",1989,"EBS_SHELF",0,0,0,0,354,0,"OROX_M0092"
"EBS_SHELF",1990,"EBS_SHELF",0,0,0,0,351,0,"OROX_M0092"
"EBS_SHELF",1991,"EBS_SHELF",0,0,0,0,352,0,"OROX_M0092"
"EBS_SHELF",1992,"EBS_SHELF",0,0,0,0,336,0,"OROX_M0092"
"EBS_SHELF",1993,"EBS_SHELF",0,0,0,0,355,0,"OROX_M0092"
"EBS_SHELF",1994,"EBS_SHELF",0,0,0,0,355,0,"OROX_M0092"
"EBS_SHELF",1995,"EBS_SHELF",0,0,0,0,356,0,"OROX_M0092"
"EBS_SHELF",1996,"EBS_SHELF",0,0,0,0,355,0,"OROX_M0092"
"EBS_SHELF",1997,"EBS_SHELF",0,0,0,0,356,0,"OROX_M0092"
"EBS_SHELF",1998,"EBS_SHELF",0,0,0,0,355,0,"OROX_M0092"
"EBS_SHELF",1999,"EBS_SHELF",0,0,0,0,353,0,"OROX_M0092"
"EBS_SHELF",2000,"EBS_SHELF",0,0,0,0,352,0,"OROX_M0092"
"EBS_SHELF",2001,"EBS_SHELF",0,0,0,0,355,0,"OROX_M0092"
"EBS_SHELF",2002,"EBS_SHELF",0,0,0,0,355,0,"OROX_M0092"
"EBS_SHELF",2003,"EBS_SHELF",0,0,0,0,356,0,"OROX_M0092"
"EBS_SHELF",2004,"EBS_SHELF",0,0,0,0,355,0,"OROX_M0092"
"EBS_SHELF",2005,"EBS_SHELF",0,0,0,0,353,0,"OROX_M0092"
"EBS_SHELF",2006,"EBS_SHELF",0,0,0,0,356,0,"OROX_M0092"
"EBS_SHELF",2007,"EBS_SHELF",0,0,0,0,356,0,"OROX_M0092"
"EBS_SHELF",2008,"EBS_SHELF",0,0,0,0,355,0,"OROX_M0092"
"EBS_SHELF",2009,"EBS_SHELF",0,0,0,0,356,0,"OROX_M0092"
"EBS_SHELF",2010,"EBS_SHELF",4.76159195581254,22.6727579536587,4.76159195581254,1,356,1,"OROX_M0092"
"EBS_SHELF",2011,"EBS_SHELF",0,0,0,0,356,0,"OROX_M0092"
"EBS_SHELF",2012,"EBS_SHELF",0,0,0,0,356,0,"OROX_M0092"
"EBS_SHELF",2013,"EBS_SHELF",0,0,0,0,356,0,"OROX_M0092"
"EBS_SHELF",2014,"EBS_SHELF",0,0,0,0,356,0,"OROX_M0092"
"EBS_SHELF",2015,"EBS_SHELF",0,0,0,0,356,0,"OROX_M0092"
"EBS_SHELF",2016,"EBS_SHELF",0,0,0,0,356,0,"OROX_M0092"
"EBS_SHELF",2017,"EBS_SHELF",0,0,0,0,356,0,"OROX_M0092"
"EBS_SHELF",2018,"EBS_SHELF",0,0,0,0,356,0,"OROX_M0092"
"EBS_SLOPE",2002,"EBS_SLOPE",0,0,0,0,141,0,"OROX_M0092"
"EBS_SLOPE",2004,"EBS_SLOPE",0,0,0,0,231,0,"OROX_M0092"
"EBS_SLOPE",2008,"EBS_SLOPE",0,0,0,0,200,0,"OROX_M0092"
"EBS_SLOPE",2010,"EBS_SLOPE",0,0,0,0,200,0,"OROX_M0092"
"EBS_SLOPE",2012,"EBS_SLOPE",0,0,0,0,189,0,"OROX_M0092"
"EBS_SLOPE",2016,"EBS_SLOPE",5.66544470073582,17.3258280170554,4.16243054200973,0.734704998791907,175,2,"OROX_M0092"
"GOA",1984,"CENTRAL GOA",1313.55081325731,411712.292582254,641.648106505625,0.488483658210739,485,23,"OROX_M0092"
"GOA",1984,"EASTERN GOA",1246.34231587932,267253.234353318,516.965409242551,0.414786052480151,202,38,"OROX_M0092"
"GOA",1984,"GOA",2624.96319640511,682692.893358541,826.252318216743,0.314767201059541,929,64,"OROX_M0092"
"GOA",1984,"WESTERN GOA",65.0700672684777,3727.36642296889,61.0521614930126,0.938252626067109,242,3,"OROX_M0092"
"GOA",1987,"CENTRAL GOA",20248.6546325961,95990009.4380393,9797.44912913761,0.48385679478012,446,50,"OROX_M0092"
"GOA",1987,"EASTERN GOA",44665.0933858754,330236347.129708,18172.406200878,0.406859245627922,160,37,"OROX_M0092"
"GOA",1987,"GOA",72404.9703725322,452965027.380241,21282.9750594282,0.293943564232189,783,106,"OROX_M0092"
"GOA",1987,"WESTERN GOA",7491.2223540607,26738670.8124939,5170.94486651076,0.690267171646266,177,19,"OROX_M0092"
"GOA",1990,"CENTRAL GOA",13584.071196135,78849286.0482994,8879.71204760039,0.653685623359138,371,34,"OROX_M0092"
"GOA",1990,"EASTERN GOA",3955.50836396402,2063902.39775561,1436.62883089391,0.36319701507449,202,46,"OROX_M0092"
"GOA",1990,"GOA",17664.1661188521,80922933.3554034,8995.71750086692,0.509263638053439,708,83,"OROX_M0092"
"GOA",1990,"WESTERN GOA",124.586558753113,9744.90934832473,98.7163074082734,0.792351184559921,135,3,"OROX_M0092"
"GOA",1993,"CENTRAL GOA",8528.7541686757,19220130.6480332,4384.07694367163,0.514034858663581,412,62,"OROX_M0092"
"GOA",1993,"EASTERN GOA",667.461102791527,58188.7251562118,241.223392638881,0.361404419868081,192,40,"OROX_M0092"
"GOA",1993,"GOA",9282.36701996343,19280479.0530707,4390.9542303548,0.473042513931118,774,109,"OROX_M0092"
"GOA",1993,"WESTERN GOA",86.1517484962046,2159.67988128665,46.4723560978637,0.539424409939991,170,7,"OROX_M0092"
"GOA",1996,"CENTRAL GOA",2882.41950274983,1713948.49765894,1309.17855835594,0.454194317345891,393,25,"OROX_M0092"
"GOA",1996,"EASTERN GOA",16370.9919399046,162384049.486647,12743.0000190947,0.778388998410865,214,41,"OROX_M0092"
"GOA",1996,"GOA",20026.1806963455,164490940.430005,12825.4021547086,0.640431760263158,807,75,"OROX_M0092"
"GOA",1996,"WESTERN GOA",772.769253691104,392942.445699259,626.851214961939,0.811175149590653,200,9,"OROX_M0092"
"GOA",1999,"CENTRAL GOA",8562.51761329058,17030318.9785104,4126.78070395198,0.48195879884048,414,19,"OROX_M0092"
"GOA",1999,"EASTERN GOA",1306.55724572969,556650.273209904,746.089990021247,0.571035056029687,203,15,"OROX_M0092"
"GOA",1999,"GOA",9876.455798164,17587023.7299829,4193.68855901138,0.424614724625303,764,35,"OROX_M0092"
"GOA",1999,"WESTERN GOA",7.38093914373186,54.4782626434732,7.38093914373186,1,147,1,"OROX_M0092"
"GOA",2001,"CENTRAL GOA",5377.54145464406,10279435.3315326,3206.15584953891,0.596212205257863,350,25,"OROX_M0092"
"GOA",2001,"EASTERN GOA",NA,NA,NA,NA,NA,NA,"OROX_M0092"
"GOA",2001,"GOA",8364.75888503754,17384056.6471007,4169.41922179824,0.498450616341887,489,28,"OROX_M0092"
"GOA",2001,"WESTERN GOA",2987.21743039349,7104621.31556809,2665.44955224594,0.892285082808599,139,3,"OROX_M0092"
"GOA",2003,"CENTRAL GOA",1498.23992818315,976072.640419696,987.963886192049,0.659416337535544,420,17,"OROX_M0092"
"GOA",2003,"EASTERN GOA",2021.2613644534,1528282.01267575,1236.23703741465,0.611616616809454,159,25,"OROX_M0092"
"GOA",2003,"GOA",3544.5060077191,2504457.85974945,1582.54790124958,0.446479113818164,809,48,"OROX_M0092"
"GOA",2003,"WESTERN GOA",25.0047150825526,103.206654011208,10.1590675758756,0.406286076139467,230,6,"OROX_M0092"
"GOA",2005,"CENTRAL GOA",1930.35089580112,742190.94025343,861.505043661051,0.44629452890404,470,39,"OROX_M0092"
"GOA",2005,"EASTERN GOA",4525.89805494401,15919428.0482599,3989.91579463275,0.881574385060273,187,23,"OROX_M0092"
"GOA",2005,"GOA",33123.8305450081,454826844.417575,21326.6697920134,0.643846724280123,837,75,"OROX_M0092"
"GOA",2005,"WESTERN GOA",26667.581594263,438165225.429061,20932.396552451,0.784937939665071,180,13,"OROX_M0092"
"GOA",2007,"CENTRAL GOA",1902.37608373411,2074274.98533796,1440.23435083946,0.757071308430491,470,20,"OROX_M0092"
"GOA",2007,"EASTERN GOA",1320.5491435391,651341.386838203,807.057238885944,0.611152748714077,141,22,"OROX_M0092"
"GOA",2007,"GOA",4057.03966439537,3373252.39573824,1836.64160786427,0.452704868523385,816,47,"OROX_M0092"
"GOA",2007,"WESTERN GOA",834.114437122158,647636.023562078,804.758363462026,0.964805700089048,205,5,"OROX_M0092"
"GOA",2009,"CENTRAL GOA",839.789246211217,178054.840370124,421.965449261103,0.502465887917519,470,27,"OROX_M0092"
"GOA",2009,"EASTERN GOA",1802.10452307228,1149615.78822067,1072.20137484554,0.594971801645345,157,19,"OROX_M0092"
"GOA",2009,"GOA",2686.07358369945,1328628.81734699,1152.66162309109,0.429125110378981,823,49,"OROX_M0092"
"GOA",2009,"WESTERN GOA",44.1798144159519,958.188756201561,30.9546241489307,0.700650841524448,196,3,"OROX_M0092"
"GOA",2011,"CENTRAL GOA",1081.82668693092,324594.87948438,569.732287556515,0.526639150650657,383,18,"OROX_M0092"
"GOA",2011,"EASTERN GOA",415.087066211995,47290.8973412938,217.46470366773,0.523901420615852,124,9,"OROX_M0092"
"GOA",2011,"GOA",3734.52297336727,5241254.95536846,2289.37872694067,0.613031100161214,670,32,"OROX_M0092"
"GOA",2011,"WESTERN GOA",2237.60922022435,4869369.17854279,2206.66471819866,0.986170730015768,163,5,"OROX_M0092"
"GOA",2013,"CENTRAL GOA",6720.48679110301,27985937.9846176,5290.17371970123,0.787171210083276,313,19,"OROX_M0092"
"GOA",2013,"EASTERN GOA",642.043919105932,143696.52855116,379.073249585302,0.590416384775007,99,12,"OROX_M0092"
"GOA",2013,"GOA",7485.28039942496,28136821.3751968,5304.41527175209,0.708646168039288,548,35,"OROX_M0092"
"GOA",2013,"WESTERN GOA",122.749689216017,7186.86202806725,84.7753621523804,0.690636063470527,136,4,"OROX_M0092"
"GOA",2015,"CENTRAL GOA",1430.45605051921,864966.450633284,930.03572546074,0.65016728414911,434,22,"OROX_M0092"
"GOA",2015,"EASTERN GOA",417.557360218089,142826.170254305,377.923497885888,0.905081634026281,148,12,"OROX_M0092"
"GOA",2015,"GOA",2316.37379190797,1214862.68502822,1102.20809515636,0.475833433708679,771,38,"OROX_M0092"
"GOA",2015,"WESTERN GOA",468.360381170664,207070.064140626,455.049518339077,0.971579870188173,189,4,"OROX_M0092"
"GOA",2017,"CENTRAL GOA",927.90833644155,254259.470035081,504.241479883479,0.543417339925194,296,12,"OROX_M0092"
"GOA",2017,"EASTERN GOA",52.9338616728631,334.454006220714,18.2880837219407,0.34548931712111,115,12,"OROX_M0092"
"GOA",2017,"GOA",12920.1033729795,113875091.360355,10671.2272658938,0.82593977446118,536,29,"OROX_M0092"
"GOA",2017,"WESTERN GOA",11939.2611748651,113620497.436314,10659.2916010546,0.892793234433546,125,5,"OROX_M0092"
"GOA",2019,"CENTRAL GOA",3842.32952596357,9163451.40806843,3027.11932504624,0.787834386559312,297,16,"OROX_M0092"
"GOA",2019,"EASTERN GOA",533.64969802291,126223.427208576,355.279365019383,0.665753894990737,121,14,"OROX_M0092"
"GOA",2019,"GOA",4480.38524885094,9294127.87154905,3048.6272109835,0.680438632317471,541,34,"OROX_M0092"
"GOA",2019,"WESTERN GOA",104.406024864453,4453.03627204657,66.7310742611459,0.639149650106692,123,4,"OROX_M0092"
"AI",1980,"AI",2.9659483918701,3.67053319391861,1.91586356349261,0.645953101795078,127,2,"OROX_M007"
"AI",1980,"ALEUTIANS",2.9659483918701,3.67053319391861,1.91586356349261,0.645953101795078,109,2,"OROX_M007"
"AI",1980,"S BERING SEA",0,0,0,0,18,0,"OROX_M007"
"AI",1983,"AI",0,0,0,0,290,0,"OROX_M007"
"AI",1983,"ALEUTIANS",0,0,0,0,256,0,"OROX_M007"
"AI",1983,"S BERING SEA",0,0,0,0,34,0,"OROX_M007"
"AI",1986,"AI",0,0,0,0,383,0,"OROX_M007"
"AI",1986,"ALEUTIANS",0,0,0,0,320,0,"OROX_M007"
"AI",1986,"S BERING SEA",0,0,0,0,63,0,"OROX_M007"
"AI",1991,"AI",0,0,0,0,331,0,"OROX_M007"
"AI",1991,"ALEUTIANS",0,0,0,0,276,0,"OROX_M007"
"AI",1991,"S BERING SEA",0,0,0,0,55,0,"OROX_M007"
"AI",1994,"AI",0,0,0,0,380,0,"OROX_M007"
"AI",1994,"ALEUTIANS",0,0,0,0,316,0,"OROX_M007"
"AI",1994,"S BERING SEA",0,0,0,0,64,0,"OROX_M007"
"AI",1997,"AI",0,0,0,0,396,0,"OROX_M007"
"AI",1997,"ALEUTIANS",0,0,0,0,344,0,"OROX_M007"
"AI",1997,"S BERING SEA",0,0,0,0,52,0,"OROX_M007"
"AI",2000,"AI",0,0,0,0,419,0,"OROX_M007"
"AI",2000,"ALEUTIANS",0,0,0,0,361,0,"OROX_M007"
"AI",2000,"S BERING SEA",0,0,0,0,58,0,"OROX_M007"
"AI",2002,"AI",0,0,0,0,414,0,"OROX_M007"
"AI",2002,"ALEUTIANS",0,0,0,0,353,0,"OROX_M007"
"AI",2002,"S BERING SEA",0,0,0,0,61,0,"OROX_M007"
"AI",2004,"AI",0,0,0,0,419,0,"OROX_M007"
"AI",2004,"ALEUTIANS",0,0,0,0,366,0,"OROX_M007"
"AI",2004,"S BERING SEA",0,0,0,0,53,0,"OROX_M007"
"AI",2006,"AI",0,0,0,0,357,0,"OROX_M007"
"AI",2006,"ALEUTIANS",0,0,0,0,313,0,"OROX_M007"
"AI",2006,"S BERING SEA",0,0,0,0,44,0,"OROX_M007"
"AI",2010,"AI",0,0,0,0,418,0,"OROX_M007"
"AI",2010,"ALEUTIANS",0,0,0,0,367,0,"OROX_M007"
"AI",2010,"S BERING SEA",0,0,0,0,51,0,"OROX_M007"
"AI",2012,"AI",0,0,0,0,420,0,"OROX_M007"
"AI",2012,"ALEUTIANS",0,0,0,0,365,0,"OROX_M007"
"AI",2012,"S BERING SEA",0,0,0,0,55,0,"OROX_M007"
"AI",2014,"AI",17.6643748673593,312.030139454596,17.6643748673593,1,410,1,"OROX_M007"
"AI",2014,"ALEUTIANS",0,0,0,0,366,0,"OROX_M007"
"AI",2014,"S BERING SEA",17.6643748673593,312.030139454596,17.6643748673593,1,44,1,"OROX_M007"
"AI",2016,"AI",0,0,0,0,419,0,"OROX_M007"
"AI",2016,"ALEUTIANS",0,0,0,0,376,0,"OROX_M007"
"AI",2016,"S BERING SEA",0,0,0,0,43,0,"OROX_M007"
"AI",2018,"AI",0,0,0,0,420,0,"OROX_M007"
"AI",2018,"ALEUTIANS",0,0,0,0,375,0,"OROX_M007"
"AI",2018,"S BERING SEA",0,0,0,0,45,0,"OROX_M007"
"EBS_SHELF",1982,"EBS_SHELF",0,0,0,0,329,0,"OROX_M007"
"EBS_SHELF",1983,"EBS_SHELF",0,0,0,0,353,0,"OROX_M007"
"EBS_SHELF",1984,"EBS_SHELF",0,0,0,0,355,0,"OROX_M007"
"EBS_SHELF",1985,"EBS_SHELF",2.62099476634348,6.8696135651999,2.62099476634348,1,353,1,"OROX_M007"
"EBS_SHELF",1986,"EBS_SHELF",22.4149188724647,502.428588059175,22.4149188724647,1,354,1,"OROX_M007"
"EBS_SHELF",1987,"EBS_SHELF",0,0,0,0,343,0,"OROX_M007"
"EBS_SHELF",1988,"EBS_SHELF",81.6178866489983,6661.47942104873,81.6178866489983,1,353,1,"OROX_M007"
"EBS_SHELF",1989,"EBS_SHELF",0,0,0,0,354,0,"OROX_M007"
"EBS_SHELF",1990,"EBS_SHELF",0,0,0,0,351,0,"OROX_M007"
"EBS_SHELF",1991,"EBS_SHELF",0,0,0,0,352,0,"OROX_M007"
"EBS_SHELF",1992,"EBS_SHELF",0,0,0,0,336,0,"OROX_M007"
"EBS_SHELF",1993,"EBS_SHELF",0,0,0,0,355,0,"OROX_M007"
"EBS_SHELF",1994,"EBS_SHELF",0,0,0,0,355,0,"OROX_M007"
"EBS_SHELF",1995,"EBS_SHELF",0,0,0,0,356,0,"OROX_M007"
"EBS_SHELF",1996,"EBS_SHELF",0,0,0,0,355,0,"OROX_M007"
"EBS_SHELF",1997,"EBS_SHELF",0,0,0,0,356,0,"OROX_M007"
"EBS_SHELF",1998,"EBS_SHELF",0,0,0,0,355,0,"OROX_M007"
"EBS_SHELF",1999,"EBS_SHELF",0,0,0,0,353,0,"OROX_M007"
"EBS_SHELF",2000,"EBS_SHELF",0,0,0,0,352,0,"OROX_M007"
"EBS_SHELF",2001,"EBS_SHELF",0,0,0,0,355,0,"OROX_M007"
"EBS_SHELF",2002,"EBS_SHELF",0,0,0,0,355,0,"OROX_M007"
"EBS_SHELF",2003,"EBS_SHELF",0,0,0,0,356,0,"OROX_M007"
"EBS_SHELF",2004,"EBS_SHELF",0,0,0,0,355,0,"OROX_M007"
"EBS_SHELF",2005,"EBS_SHELF",0,0,0,0,353,0,"OROX_M007"
"EBS_SHELF",2006,"EBS_SHELF",0,0,0,0,356,0,"OROX_M007"
"EBS_SHELF",2007,"EBS_SHELF",0,0,0,0,356,0,"OROX_M007"
"EBS_SHELF",2008,"EBS_SHELF",0,0,0,0,355,0,"OROX_M007"
"EBS_SHELF",2009,"EBS_SHELF",0,0,0,0,356,0,"OROX_M007"
"EBS_SHELF",2010,"EBS_SHELF",0,0,0,0,356,0,"OROX_M007"
"EBS_SHELF",2011,"EBS_SHELF",0,0,0,0,356,0,"OROX_M007"
"EBS_SHELF",2012,"EBS_SHELF",0,0,0,0,356,0,"OROX_M007"
"EBS_SHELF",2013,"EBS_SHELF",0,0,0,0,356,0,"OROX_M007"
"EBS_SHELF",2014,"EBS_SHELF",0,0,0,0,356,0,"OROX_M007"
"EBS_SHELF",2015,"EBS_SHELF",0,0,0,0,356,0,"OROX_M007"
"EBS_SHELF",2016,"EBS_SHELF",0,0,0,0,356,0,"OROX_M007"
"EBS_SHELF",2017,"EBS_SHELF",0,0,0,0,356,0,"OROX_M007"
"EBS_SHELF",2018,"EBS_SHELF",0,0,0,0,356,0,"OROX_M007"
"EBS_SLOPE",2002,"EBS_SLOPE",0,0,0,0,141,0,"OROX_M007"
"EBS_SLOPE",2004,"EBS_SLOPE",0,0,0,0,231,0,"OROX_M007"
"EBS_SLOPE",2008,"EBS_SLOPE",0,0,0,0,200,0,"OROX_M007"
"EBS_SLOPE",2010,"EBS_SLOPE",0,0,0,0,200,0,"OROX_M007"
"EBS_SLOPE",2012,"EBS_SLOPE",0,0,0,0,189,0,"OROX_M007"
"EBS_SLOPE",2016,"EBS_SLOPE",0,0,0,0,175,0,"OROX_M007"
"GOA",1984,"CENTRAL GOA",0,0,0,0,485,0,"OROX_M007"
"GOA",1984,"EASTERN GOA",498.342051847904,53075.9755675524,230.382237960205,0.462297406181003,202,14,"OROX_M007"
"GOA",1984,"GOA",498.342051847904,53075.9755675524,230.382237960205,0.462297406181003,929,14,"OROX_M007"
"GOA",1984,"WESTERN GOA",0,0,0,0,242,0,"OROX_M007"
"GOA",1987,"CENTRAL GOA",3.71725345727821,13.8179732656468,3.71725345727821,1,446,1,"OROX_M007"
"GOA",1987,"EASTERN GOA",94.5234425674872,1841.85584587935,42.916848042224,0.454033908166035,160,6,"OROX_M007"
"GOA",1987,"GOA",101.492351703945,1866.24708380093,43.2000819883589,0.42564864507598,783,8,"OROX_M007"
"GOA",1987,"WESTERN GOA",3.25165567917935,10.5732646559393,3.25165567917935,1,177,1,"OROX_M007"
"GOA",1990,"CENTRAL GOA",0,0,0,0,371,0,"OROX_M007"
"GOA",1990,"EASTERN GOA",347.427182711138,28998.0444496205,170.28812186885,0.490140467824113,202,22,"OROX_M007"
"GOA",1990,"GOA",347.427182711138,28998.0444496205,170.28812186885,0.490140467824113,708,22,"OROX_M007"
"GOA",1990,"WESTERN GOA",0,0,0,0,135,0,"OROX_M007"
"GOA",1993,"CENTRAL GOA",0,0,0,0,412,0,"OROX_M007"
"GOA",1993,"EASTERN GOA",555.497833337383,24476.9304058544,156.451047953839,0.281641148830221,192,21,"OROX_M007"
"GOA",1993,"GOA",558.586171237772,24486.4682368414,156.481526822949,0.280138562106186,774,22,"OROX_M007"
"GOA",1993,"WESTERN GOA",3.08833790038921,9.53783098698046,3.08833790038921,1,170,1,"OROX_M007"
"GOA",1996,"CENTRAL GOA",19.7399652121596,389.66622657727,19.7399652121596,1,393,1,"OROX_M007"
"GOA",1996,"EASTERN GOA",537.695296023376,24111.7278278496,155.27951515847,0.288787192870885,214,20,"OROX_M007"
"GOA",1996,"GOA",557.435261235535,24501.3940544269,156.529211505159,0.280802493832589,807,21,"OROX_M007"
"GOA",1996,"WESTERN GOA",0,0,0,0,200,0,"OROX_M007"
"GOA",1999,"CENTRAL GOA",0,0,0,0,414,0,"OROX_M007"
"GOA",1999,"EASTERN GOA",13408.9875608737,133156862.507753,11539.3614428075,0.86056918096325,203,24,"OROX_M007"
"GOA",1999,"GOA",13408.9875608737,133156862.507753,11539.3614428075,0.86056918096325,764,24,"OROX_M007"
"GOA",1999,"WESTERN GOA",0,0,0,0,147,0,"OROX_M007"
"GOA",2001,"CENTRAL GOA",0,0,0,0,350,0,"OROX_M007"
"GOA",2001,"EASTERN GOA",NA,NA,NA,NA,NA,NA,"OROX_M007"
"GOA",2001,"GOA",0,0,0,0,489,0,"OROX_M007"
"GOA",2001,"WESTERN GOA",0,0,0,0,139,0,"OROX_M007"
"GOA",2003,"CENTRAL GOA",0,0,0,0,420,0,"OROX_M007"
"GOA",2003,"EASTERN GOA",1219.40743743021,261647.172530024,511.51458682038,0.419477994900826,159,23,"OROX_M007"
"GOA",2003,"GOA",1219.40743743021,261647.172530024,511.51458682038,0.419477994900826,809,23,"OROX_M007"
"GOA",2003,"WESTERN GOA",0,0,0,0,230,0,"OROX_M007"
"GOA",2005,"CENTRAL GOA",0,0,0,0,470,0,"OROX_M007"
"GOA",2005,"EASTERN GOA",1748.40087159369,734683.577134019,857.136848545213,0.490240460566644,187,27,"OROX_M007"
"GOA",2005,"GOA",1748.40087159369,734683.577134019,857.136848545213,0.490240460566644,837,27,"OROX_M007"
"GOA",2005,"WESTERN GOA",0,0,0,0,180,0,"OROX_M007"
"GOA",2007,"CENTRAL GOA",19.0101587377638,293.087134528236,17.1197878061685,0.900559960720365,470,2,"OROX_M007"
"GOA",2007,"EASTERN GOA",1914.35611486211,347756.847139622,589.709120787208,0.308045674579039,141,24,"OROX_M007"
"GOA",2007,"GOA",1933.36627359988,348049.93427415,589.957569893081,0.305145268099973,816,26,"OROX_M007"
"GOA",2007,"WESTERN GOA",0,0,0,0,205,0,"OROX_M007"
"GOA",2009,"CENTRAL GOA",35.0229795143,895.899112042533,29.9315738317004,0.854626712141359,470,2,"OROX_M007"
"GOA",2009,"EASTERN GOA",3922.97533144758,2696061.86844357,1641.96889996235,0.418551930928524,157,21,"OROX_M007"
"GOA",2009,"GOA",3957.99831096188,2696957.76755561,1642.24168975082,0.414917228540129,823,23,"OROX_M007"
"GOA",2009,"WESTERN GOA",0,0,0,0,196,0,"OROX_M007"
"GOA",2011,"CENTRAL GOA",1135.53397976862,1289437.41920917,1135.53397976862,1,383,1,"OROX_M007"
"GOA",2011,"EASTERN GOA",8377.73219698597,63156287.0804371,7947.09299558254,0.948597163137017,124,15,"OROX_M007"
"GOA",2011,"GOA",9513.2661767546,64445724.4996463,8027.80944589782,0.843854181807038,670,16,"OROX_M007"
"GOA",2011,"WESTERN GOA",0,0,0,0,163,0,"OROX_M007"
"GOA",2013,"CENTRAL GOA",19.3121807579219,195.417371240603,13.9791763434261,0.723852811790392,313,2,"OROX_M007"
"GOA",2013,"EASTERN GOA",3990.96092949265,5966729.87228126,2442.68906582096,0.612055369364762,99,14,"OROX_M007"
"GOA",2013,"GOA",4010.27311025057,5966925.2896525,2442.72906595318,0.60911788269716,548,16,"OROX_M007"
"GOA",2013,"WESTERN GOA",0,0,0,0,136,0,"OROX_M007"
"GOA",2015,"CENTRAL GOA",183.705421942174,33747.6820509521,183.705421942174,1,434,1,"OROX_M007"
"GOA",2015,"EASTERN GOA",1009.54146185404,215194.446146804,463.890554060766,0.459506193246214,148,16,"OROX_M007"
"GOA",2015,"GOA",1193.24688379621,248942.128197757,498.941006731013,0.418137280311746,771,17,"OROX_M007"
"GOA",2015,"WESTERN GOA",0,0,0,0,189,0,"OROX_M007"
"GOA",2017,"CENTRAL GOA",0,0,0,0,296,0,"OROX_M007"
"GOA",2017,"EASTERN GOA",2222.29506764063,638293.629554037,798.932806657754,0.359507978166899,115,22,"OROX_M007"
"GOA",2017,"GOA",2222.29506764063,638293.629554037,798.932806657754,0.359507978166899,536,22,"OROX_M007"
"GOA",2017,"WESTERN GOA",0,0,0,0,125,0,"OROX_M007"
"GOA",2019,"CENTRAL GOA",5.30812298306389,28.176169603331,5.30812298306389,1,297,1,"OROX_M007"
"GOA",2019,"EASTERN GOA",3559.28948008059,3913657.2509209,1978.29655282541,0.555812210245012,121,21,"OROX_M007"
"GOA",2019,"GOA",3564.59760306365,3913685.4270905,1978.3036741336,0.554986535488134,541,22,"OROX_M007"
"GOA",2019,"WESTERN GOA",0,0,0,0,123,0,"OROX_M007"
"AI",1980,"AI",0,0,0,0,127,0,"OROX_M006"
"AI",1980,"ALEUTIANS",0,0,0,0,109,0,"OROX_M006"
"AI",1980,"S BERING SEA",0,0,0,0,18,0,"OROX_M006"
"AI",1983,"AI",4.67273168186366,11.2918839353422,3.36033985414306,0.719138200720062,290,2,"OROX_M006"
"AI",1983,"ALEUTIANS",4.67273168186366,11.2918839353422,3.36033985414306,0.719138200720062,256,2,"OROX_M006"
"AI",1983,"S BERING SEA",0,0,0,0,34,0,"OROX_M006"
"AI",1986,"AI",0,0,0,0,383,0,"OROX_M006"
"AI",1986,"ALEUTIANS",0,0,0,0,320,0,"OROX_M006"
"AI",1986,"S BERING SEA",0,0,0,0,63,0,"OROX_M006"
"AI",1991,"AI",0.686731988302627,0.471600823758079,0.686731988302627,1,331,1,"OROX_M006"
"AI",1991,"ALEUTIANS",0,0,0,0,276,0,"OROX_M006"
"AI",1991,"S BERING SEA",0.686731988302627,0.471600823758079,0.686731988302627,1,55,1,"OROX_M006"
"AI",1994,"AI",0,0,0,0,380,0,"OROX_M006"
"AI",1994,"ALEUTIANS",0,0,0,0,316,0,"OROX_M006"
"AI",1994,"S BERING SEA",0,0,0,0,64,0,"OROX_M006"
"AI",1997,"AI",1.54230000182147,1.1893588876799,1.09057731852441,0.707111014223195,396,2,"OROX_M006"
"AI",1997,"ALEUTIANS",1.54230000182147,1.1893588876799,1.09057731852441,0.707111014223195,344,2,"OROX_M006"
"AI",1997,"S BERING SEA",0,0,0,0,52,0,"OROX_M006"
"AI",2000,"AI",0,0,0,0,419,0,"OROX_M006"
"AI",2000,"ALEUTIANS",0,0,0,0,361,0,"OROX_M006"
"AI",2000,"S BERING SEA",0,0,0,0,58,0,"OROX_M006"
"AI",2002,"AI",1.06073351996624,0.562624760905194,0.750083169325372,0.707136293146694,414,2,"OROX_M006"
"AI",2002,"ALEUTIANS",1.06073351996624,0.562624760905194,0.750083169325372,0.707136293146694,353,2,"OROX_M006"
"AI",2002,"S BERING SEA",0,0,0,0,61,0,"OROX_M006"
"AI",2004,"AI",5.3500414605965,19.1531572989689,4.37643202837299,0.818018338849477,419,2,"OROX_M006"
"AI",2004,"ALEUTIANS",5.3500414605965,19.1531572989689,4.37643202837299,0.818018338849477,366,2,"OROX_M006"
"AI",2004,"S BERING SEA",0,0,0,0,53,0,"OROX_M006"
"AI",2006,"AI",5.43125349885012,22.2585301110277,4.71789466934434,0.868656686774643,357,2,"OROX_M006"
"AI",2006,"ALEUTIANS",5.43125349885012,22.2585301110277,4.71789466934434,0.868656686774643,313,2,"OROX_M006"
"AI",2006,"S BERING SEA",0,0,0,0,44,0,"OROX_M006"
"AI",2010,"AI",3.07511978466368,9.45636169002998,3.07511978466368,1,418,1,"OROX_M006"
"AI",2010,"ALEUTIANS",3.07511978466368,9.45636169002998,3.07511978466368,1,367,1,"OROX_M006"
"AI",2010,"S BERING SEA",0,0,0,0,51,0,"OROX_M006"
"AI",2012,"AI",2.71804024478028,3.7615237761511,1.93946481694077,0.713552649069607,420,2,"OROX_M006"
"AI",2012,"ALEUTIANS",2.71804024478028,3.7615237761511,1.93946481694077,0.713552649069607,365,2,"OROX_M006"
"AI",2012,"S BERING SEA",0,0,0,0,55,0,"OROX_M006"
"AI",2014,"AI",1.11874607047931,1.2515927702129,1.11874607047931,1,410,1,"OROX_M006"
"AI",2014,"ALEUTIANS",1.11874607047931,1.2515927702129,1.11874607047931,1,366,1,"OROX_M006"
"AI",2014,"S BERING SEA",0,0,0,0,44,0,"OROX_M006"
"AI",2016,"AI",16.8941225878202,147.076730364866,12.1275195470824,0.717854359351322,419,2,"OROX_M006"
"AI",2016,"ALEUTIANS",16.8941225878202,147.076730364866,12.1275195470824,0.717854359351322,376,2,"OROX_M006"
"AI",2016,"S BERING SEA",0,0,0,0,43,0,"OROX_M006"
"AI",2018,"AI",0.849828735244663,0.722208879247543,0.849828735244662,1,420,1,"OROX_M006"
"AI",2018,"ALEUTIANS",0.849828735244663,0.722208879247543,0.849828735244662,1,375,1,"OROX_M006"
"AI",2018,"S BERING SEA",0,0,0,0,45,0,"OROX_M006"
"EBS_SHELF",1982,"EBS_SHELF",0,0,0,0,329,0,"OROX_M006"
"EBS_SHELF",1983,"EBS_SHELF",0,0,0,0,353,0,"OROX_M006"
"EBS_SHELF",1984,"EBS_SHELF",0,0,0,0,355,0,"OROX_M006"
"EBS_SHELF",1985,"EBS_SHELF",0,0,0,0,353,0,"OROX_M006"
"EBS_SHELF",1986,"EBS_SHELF",0,0,0,0,354,0,"OROX_M006"
"EBS_SHELF",1987,"EBS_SHELF",0,0,0,0,343,0,"OROX_M006"
"EBS_SHELF",1988,"EBS_SHELF",0,0,0,0,353,0,"OROX_M006"
"EBS_SHELF",1989,"EBS_SHELF",0,0,0,0,354,0,"OROX_M006"
"EBS_SHELF",1990,"EBS_SHELF",0,0,0,0,351,0,"OROX_M006"
"EBS_SHELF",1991,"EBS_SHELF",0,0,0,0,352,0,"OROX_M006"
"EBS_SHELF",1992,"EBS_SHELF",0,0,0,0,336,0,"OROX_M006"
"EBS_SHELF",1993,"EBS_SHELF",0,0,0,0,355,0,"OROX_M006"
"EBS_SHELF",1994,"EBS_SHELF",0,0,0,0,355,0,"OROX_M006"
"EBS_SHELF",1995,"EBS_SHELF",0,0,0,0,356,0,"OROX_M006"
"EBS_SHELF",1996,"EBS_SHELF",0,0,0,0,355,0,"OROX_M006"
"EBS_SHELF",1997,"EBS_SHELF",0,0,0,0,356,0,"OROX_M006"
"EBS_SHELF",1998,"EBS_SHELF",0,0,0,0,355,0,"OROX_M006"
"EBS_SHELF",1999,"EBS_SHELF",0,0,0,0,353,0,"OROX_M006"
"EBS_SHELF",2000,"EBS_SHELF",0,0,0,0,352,0,"OROX_M006"
"EBS_SHELF",2001,"EBS_SHELF",0,0,0,0,355,0,"OROX_M006"
"EBS_SHELF",2002,"EBS_SHELF",0,0,0,0,355,0,"OROX_M006"
"EBS_SHELF",2003,"EBS_SHELF",0,0,0,0,356,0,"OROX_M006"
"EBS_SHELF",2004,"EBS_SHELF",0,0,0,0,355,0,"OROX_M006"
"EBS_SHELF",2005,"EBS_SHELF",0,0,0,0,353,0,"OROX_M006"
"EBS_SHELF",2006,"EBS_SHELF",0,0,0,0,356,0,"OROX_M006"
"EBS_SHELF",2007,"EBS_SHELF",0,0,0,0,356,0,"OROX_M006"
"EBS_SHELF",2008,"EBS_SHELF",0,0,0,0,355,0,"OROX_M006"
"EBS_SHELF",2009,"EBS_SHELF",0,0,0,0,356,0,"OROX_M006"
"EBS_SHELF",2010,"EBS_SHELF",0,0,0,0,356,0,"OROX_M006"
"EBS_SHELF",2011,"EBS_SHELF",0,0,0,0,356,0,"OROX_M006"
"EBS_SHELF",2012,"EBS_SHELF",0,0,0,0,356,0,"OROX_M006"
"EBS_SHELF",2013,"EBS_SHELF",0,0,0,0,356,0,"OROX_M006"
"EBS_SHELF",2014,"EBS_SHELF",0,0,0,0,356,0,"OROX_M006"
"EBS_SHELF",2015,"EBS_SHELF",0,0,0,0,356,0,"OROX_M006"
"EBS_SHELF",2016,"EBS_SHELF",0,0,0,0,356,0,"OROX_M006"
"EBS_SHELF",2017,"EBS_SHELF",0,0,0,0,356,0,"OROX_M006"
"EBS_SHELF",2018,"EBS_SHELF",0,0,0,0,356,0,"OROX_M006"
"EBS_SLOPE",2002,"EBS_SLOPE",0,0,0,0,141,0,"OROX_M006"
"EBS_SLOPE",2004,"EBS_SLOPE",0.686772138350638,0.471655970014708,0.686772138350638,1,231,1,"OROX_M006"
"EBS_SLOPE",2008,"EBS_SLOPE",6.87803872892664,23.6558516195087,4.86372816052755,0.707138815615039,200,2,"OROX_M006"
"EBS_SLOPE",2010,"EBS_SLOPE",4.2056592176296,10.4546391455282,3.23336344160816,0.768812515301835,200,2,"OROX_M006"
"EBS_SLOPE",2012,"EBS_SLOPE",4.10593943859967,16.8587386734482,4.10593943859967,1,189,1,"OROX_M006"
"EBS_SLOPE",2016,"EBS_SLOPE",0,0,0,0,175,0,"OROX_M006"
"GOA",1984,"CENTRAL GOA",168.890343238261,3506.54128520271,59.216055974733,0.350618364788295,485,32,"OROX_M006"
"GOA",1984,"EASTERN GOA",2263.11300843584,624863.787293183,790.483261867817,0.349290229396968,202,75,"OROX_M006"
"GOA",1984,"GOA",2432.0033516741,628370.328578386,792.698132064398,0.32594450641638,929,107,"OROX_M006"
"GOA",1984,"WESTERN GOA",0,0,0,0,242,0,"OROX_M006"
"GOA",1987,"CENTRAL GOA",831.064573231291,122646.544719034,350.209287025679,0.421398406701441,446,43,"OROX_M006"
"GOA",1987,"EASTERN GOA",1606.26671997701,316724.441438752,562.782765762023,0.350366946387383,160,40,"OROX_M006"
"GOA",1987,"GOA",2526.56142332981,444229.448700767,666.50540035379,0.263799405072602,783,86,"OROX_M006"
"GOA",1987,"WESTERN GOA",89.2301301215059,4858.46254298,69.7026724235161,0.781156234207,177,3,"OROX_M006"
"GOA",1990,"CENTRAL GOA",222.467088641078,7798.20536232968,88.3074479437022,0.3969461212583,371,17,"OROX_M006"
"GOA",1990,"EASTERN GOA",5196.59271332516,4549838.77232822,2133.03510808618,0.410468017363883,202,75,"OROX_M006"
"GOA",1990,"GOA",5424.51697514367,4557666.75842964,2134.86926026622,0.393559328885625,708,93,"OROX_M006"
"GOA",1990,"WESTERN GOA",5.45717317742936,29.7807390884544,5.45717317742936,1,135,1,"OROX_M006"
"GOA",1993,"CENTRAL GOA",454.251182573538,10588.197731122,102.898968561993,0.226524382345081,412,30,"OROX_M006"
"GOA",1993,"EASTERN GOA",6902.45525696702,9470699.55725782,3077.45017136879,0.445848622961019,192,59,"OROX_M006"
"GOA",1993,"GOA",7367.18712451313,9481342.6936087,3079.17889925361,0.417958556937985,774,91,"OROX_M006"
"GOA",1993,"WESTERN GOA",10.4806849725719,54.9386197594051,7.41205907689658,0.707211322188773,170,2,"OROX_M006"
"GOA",1996,"CENTRAL GOA",243.328236743371,4391.21435223305,66.2662384041304,0.27233271111901,393,21,"OROX_M006"
"GOA",1996,"EASTERN GOA",5631.68165987311,2615392.40208318,1617.21748756411,0.287164222915354,214,72,"OROX_M006"
"GOA",1996,"GOA",5936.22779276192,2621906.58179861,1619.23024360299,0.272770907743354,807,97,"OROX_M006"
"GOA",1996,"WESTERN GOA",61.2178961454362,2122.96536319666,46.0756482667,0.752649979300783,200,4,"OROX_M006"
"GOA",1999,"CENTRAL GOA",408.818447559356,14657.8488007259,121.069603124508,0.296145156480323,414,16,"OROX_M006"
"GOA",1999,"EASTERN GOA",16177.5805342678,49019037.6061864,7001.3596969579,0.432781631476192,203,63,"OROX_M006"
"GOA",1999,"GOA",16704.7683286482,49045200.105713,7003.22783477112,0.41923525648427,764,81,"OROX_M006"
"GOA",1999,"WESTERN GOA",118.36934682102,11504.6507259136,107.259734877137,0.906144519318146,147,2,"OROX_M006"
"GOA",2001,"CENTRAL GOA",353.703200615057,7808.76720690328,88.3672292589469,0.249834406658703,350,19,"OROX_M006"
"GOA",2001,"EASTERN GOA",NA,NA,NA,NA,NA,NA,"OROX_M006"
"GOA",2001,"GOA",414.546776286106,9777.44697484537,98.8809737757743,0.238527904285354,489,23,"OROX_M006"
"GOA",2001,"WESTERN GOA",60.8435756710491,1968.67976794209,44.3698069405546,0.72924390868216,139,4,"OROX_M006"
"GOA",2003,"CENTRAL GOA",1003.16927537417,127134.534050599,356.559299486915,0.355432834955917,420,25,"OROX_M006"
"GOA",2003,"EASTERN GOA",3083.68842189378,555434.648276922,745.274881018354,0.241682939082626,159,49,"OROX_M006"
"GOA",2003,"GOA",4105.81190168372,682676.180550929,826.242204532623,0.20123722769516,809,78,"OROX_M006"
"GOA",2003,"WESTERN GOA",18.9542044157648,106.998223408393,10.3439945576355,0.545736150710292,230,4,"OROX_M006"
"GOA",2005,"CENTRAL GOA",1010.41176771537,184409.128890206,429.42884031025,0.425003799471996,470,31,"OROX_M006"
"GOA",2005,"EASTERN GOA",4741.28574678576,1305607.17771036,1142.63168943906,0.240996166538513,187,75,"OROX_M006"
"GOA",2005,"GOA",5792.97416506213,1490446.10223285,1220.83827849263,0.210744644064805,837,111,"OROX_M006"
"GOA",2005,"WESTERN GOA",41.276650561003,429.795632286892,20.7315130245453,0.502257638223481,180,5,"OROX_M006"
"GOA",2007,"CENTRAL GOA",1177.25906377997,142635.305621085,377.670895914796,0.32080525649313,470,33,"OROX_M006"
"GOA",2007,"EASTERN GOA",6686.32726614515,3290302.19866504,1813.91901656745,0.271287800367156,141,58,"OROX_M006"
"GOA",2007,"GOA",7919.1073591417,3433487.87082158,1852.96731509802,0.233986891585576,816,98,"OROX_M006"
"GOA",2007,"WESTERN GOA",55.5210292165799,550.366535453389,23.4598920597131,0.422540655148867,205,7,"OROX_M006"
"GOA",2009,"CENTRAL GOA",2259.61492666694,459464.355256471,677.838000746838,0.299979431339077,470,43,"OROX_M006"
"GOA",2009,"EASTERN GOA",4488.70299133669,803706.846602962,896.49698638811,0.199722946276101,157,57,"OROX_M006"
"GOA",2009,"GOA",6782.31397251774,1263710.39635405,1124.14874298469,0.16574708094314,823,105,"OROX_M006"
"GOA",2009,"WESTERN GOA",33.9960545141247,539.194494617999,23.2205618928139,0.683036964867972,196,5,"OROX_M006"
"GOA",2011,"CENTRAL GOA",1319.85700599843,199964.023041644,447.173370228644,0.338804406989811,383,28,"OROX_M006"
"GOA",2011,"EASTERN GOA",3741.82665460113,1143052.00728853,1069.13610325745,0.28572571686152,124,39,"OROX_M006"
"GOA",2011,"GOA",5073.89795084072,1343165.21921627,1158.95005035432,0.228414142653832,670,68,"OROX_M006"
"GOA",2011,"WESTERN GOA",12.214290241155,149.188886095174,12.214290241155,1,163,1,"OROX_M006"
"GOA",2013,"CENTRAL GOA",2354.25754136007,870106.112550616,932.794785872336,0.396216118876039,313,29,"OROX_M006"
"GOA",2013,"EASTERN GOA",3916.07695271423,567721.802660304,753.473159880499,0.192405095451014,99,36,"OROX_M006"
"GOA",2013,"GOA",6336.48692881553,1439655.01430117,1199.85624734848,0.189356698881846,548,68,"OROX_M006"
"GOA",2013,"WESTERN GOA",66.1524347412288,1827.09909025109,42.7445796593099,0.646152780717983,136,3,"OROX_M006"
"GOA",2015,"CENTRAL GOA",1915.05152218485,459649.122608768,677.974278722112,0.354024041060066,434,38,"OROX_M006"
"GOA",2015,"EASTERN GOA",4152.88379171526,751743.991179308,867.031712902883,0.208778226501921,148,50,"OROX_M006"
"GOA",2015,"GOA",6120.06756478397,1212059.21796055,1100.93561026999,0.179889453607503,771,92,"OROX_M006"
"GOA",2015,"WESTERN GOA",52.1322508838645,666.104172478837,25.808994022992,0.495067709247524,189,4,"OROX_M006"
"GOA",2017,"CENTRAL GOA",1557.1569807884,224660.669094409,473.983827882776,0.304390523069033,296,25,"OROX_M006"
"GOA",2017,"EASTERN GOA",6466.11440146408,5410828.52855412,2326.11876922786,0.359739810465025,115,46,"OROX_M006"
"GOA",2017,"GOA",8066.7034220201,5636192.07238516,2374.06656865075,0.294304431990166,536,76,"OROX_M006"
"GOA",2017,"WESTERN GOA",43.4320397676273,702.87473662639,26.5117848630829,0.610419980386088,125,5,"OROX_M006"
"GOA",2019,"CENTRAL GOA",837.207674604835,38452.6160279295,196.093385987211,0.23422311086645,297,28,"OROX_M006"
"GOA",2019,"EASTERN GOA",4405.43845139181,1269830.56421457,1126.86758947738,0.255790110771238,121,47,"OROX_M006"
"GOA",2019,"GOA",5242.64612599664,1308283.1802425,1143.80207214469,0.218172664081395,541,75,"OROX_M006"
"GOA",2019,"WESTERN GOA",0,0,0,0,123,0,"OROX_M006"
"AI",1980,"AI",0,0,0,0,127,0,"OROX_M005"
"AI",1980,"ALEUTIANS",0,0,0,0,109,0,"OROX_M005"
"AI",1980,"S BERING SEA",0,0,0,0,18,0,"OROX_M005"
"AI",1983,"AI",0,0,0,0,290,0,"OROX_M005"
"AI",1983,"ALEUTIANS",0,0,0,0,256,0,"OROX_M005"
"AI",1983,"S BERING SEA",0,0,0,0,34,0,"OROX_M005"
"AI",1986,"AI",0,0,0,0,383,0,"OROX_M005"
"AI",1986,"ALEUTIANS",0,0,0,0,320,0,"OROX_M005"
"AI",1986,"S BERING SEA",0,0,0,0,63,0,"OROX_M005"
"AI",1991,"AI",0,0,0,0,331,0,"OROX_M005"
"AI",1991,"ALEUTIANS",0,0,0,0,276,0,"OROX_M005"
"AI",1991,"S BERING SEA",0,0,0,0,55,0,"OROX_M005"
"AI",1994,"AI",0,0,0,0,380,0,"OROX_M005"
"AI",1994,"ALEUTIANS",0,0,0,0,316,0,"OROX_M005"
"AI",1994,"S BERING SEA",0,0,0,0,64,0,"OROX_M005"
"AI",1997,"AI",0,0,0,0,396,0,"OROX_M005"
"AI",1997,"ALEUTIANS",0,0,0,0,344,0,"OROX_M005"
"AI",1997,"S BERING SEA",0,0,0,0,52,0,"OROX_M005"
"AI",2000,"AI",0,0,0,0,419,0,"OROX_M005"
"AI",2000,"ALEUTIANS",0,0,0,0,361,0,"OROX_M005"
"AI",2000,"S BERING SEA",0,0,0,0,58,0,"OROX_M005"
"AI",2002,"AI",4.25303618999951,18.0883168334456,4.25303618999951,1,414,1,"OROX_M005"
"AI",2002,"ALEUTIANS",4.25303618999951,18.0883168334456,4.25303618999951,1,353,1,"OROX_M005"
"AI",2002,"S BERING SEA",0,0,0,0,61,0,"OROX_M005"
"AI",2004,"AI",0,0,0,0,419,0,"OROX_M005"
"AI",2004,"ALEUTIANS",0,0,0,0,366,0,"OROX_M005"
"AI",2004,"S BERING SEA",0,0,0,0,53,0,"OROX_M005"
"AI",2006,"AI",0,0,0,0,357,0,"OROX_M005"
"AI",2006,"ALEUTIANS",0,0,0,0,313,0,"OROX_M005"
"AI",2006,"S BERING SEA",0,0,0,0,44,0,"OROX_M005"
"AI",2010,"AI",0,0,0,0,418,0,"OROX_M005"
"AI",2010,"ALEUTIANS",0,0,0,0,367,0,"OROX_M005"
"AI",2010,"S BERING SEA",0,0,0,0,51,0,"OROX_M005"
"AI",2012,"AI",0,0,0,0,420,0,"OROX_M005"
"AI",2012,"ALEUTIANS",0,0,0,0,365,0,"OROX_M005"
"AI",2012,"S BERING SEA",0,0,0,0,55,0,"OROX_M005"
"AI",2014,"AI",0,0,0,0,410,0,"OROX_M005"
"AI",2014,"ALEUTIANS",0,0,0,0,366,0,"OROX_M005"
"AI",2014,"S BERING SEA",0,0,0,0,44,0,"OROX_M005"
"AI",2016,"AI",0,0,0,0,419,0,"OROX_M005"
"AI",2016,"ALEUTIANS",0,0,0,0,376,0,"OROX_M005"
"AI",2016,"S BERING SEA",0,0,0,0,43,0,"OROX_M005"
"AI",2018,"AI",0,0,0,0,420,0,"OROX_M005"
"AI",2018,"ALEUTIANS",0,0,0,0,375,0,"OROX_M005"
"AI",2018,"S BERING SEA",0,0,0,0,45,0,"OROX_M005"
"EBS_SHELF",1982,"EBS_SHELF",0,0,0,0,329,0,"OROX_M005"
"EBS_SHELF",1983,"EBS_SHELF",0,0,0,0,353,0,"OROX_M005"
"EBS_SHELF",1984,"EBS_SHELF",0,0,0,0,355,0,"OROX_M005"
"EBS_SHELF",1985,"EBS_SHELF",0,0,0,0,353,0,"OROX_M005"
"EBS_SHELF",1986,"EBS_SHELF",0,0,0,0,354,0,"OROX_M005"
"EBS_SHELF",1987,"EBS_SHELF",0,0,0,0,343,0,"OROX_M005"
"EBS_SHELF",1988,"EBS_SHELF",0,0,0,0,353,0,"OROX_M005"
"EBS_SHELF",1989,"EBS_SHELF",0,0,0,0,354,0,"OROX_M005"
"EBS_SHELF",1990,"EBS_SHELF",0,0,0,0,351,0,"OROX_M005"
"EBS_SHELF",1991,"EBS_SHELF",0,0,0,0,352,0,"OROX_M005"
"EBS_SHELF",1992,"EBS_SHELF",0,0,0,0,336,0,"OROX_M005"
"EBS_SHELF",1993,"EBS_SHELF",0,0,0,0,355,0,"OROX_M005"
"EBS_SHELF",1994,"EBS_SHELF",0,0,0,0,355,0,"OROX_M005"
"EBS_SHELF",1995,"EBS_SHELF",0,0,0,0,356,0,"OROX_M005"
"EBS_SHELF",1996,"EBS_SHELF",0,0,0,0,355,0,"OROX_M005"
"EBS_SHELF",1997,"EBS_SHELF",0,0,0,0,356,0,"OROX_M005"
"EBS_SHELF",1998,"EBS_SHELF",0,0,0,0,355,0,"OROX_M005"
"EBS_SHELF",1999,"EBS_SHELF",0,0,0,0,353,0,"OROX_M005"
"EBS_SHELF",2000,"EBS_SHELF",0,0,0,0,352,0,"OROX_M005"
"EBS_SHELF",2001,"EBS_SHELF",0,0,0,0,355,0,"OROX_M005"
"EBS_SHELF",2002,"EBS_SHELF",0,0,0,0,355,0,"OROX_M005"
"EBS_SHELF",2003,"EBS_SHELF",0,0,0,0,356,0,"OROX_M005"
"EBS_SHELF",2004,"EBS_SHELF",0,0,0,0,355,0,"OROX_M005"
"EBS_SHELF",2005,"EBS_SHELF",0,0,0,0,353,0,"OROX_M005"
"EBS_SHELF",2006,"EBS_SHELF",0,0,0,0,356,0,"OROX_M005"
"EBS_SHELF",2007,"EBS_SHELF",0,0,0,0,356,0,"OROX_M005"
"EBS_SHELF",2008,"EBS_SHELF",0,0,0,0,355,0,"OROX_M005"
"EBS_SHELF",2009,"EBS_SHELF",0,0,0,0,356,0,"OROX_M005"
"EBS_SHELF",2010,"EBS_SHELF",0,0,0,0,356,0,"OROX_M005"
"EBS_SHELF",2011,"EBS_SHELF",0,0,0,0,356,0,"OROX_M005"
"EBS_SHELF",2012,"EBS_SHELF",0,0,0,0,356,0,"OROX_M005"
"EBS_SHELF",2013,"EBS_SHELF",0,0,0,0,356,0,"OROX_M005"
"EBS_SHELF",2014,"EBS_SHELF",0,0,0,0,356,0,"OROX_M005"
"EBS_SHELF",2015,"EBS_SHELF",0,0,0,0,356,0,"OROX_M005"
"EBS_SHELF",2016,"EBS_SHELF",0,0,0,0,356,0,"OROX_M005"
"EBS_SHELF",2017,"EBS_SHELF",0,0,0,0,356,0,"OROX_M005"
"EBS_SHELF",2018,"EBS_SHELF",0,0,0,0,356,0,"OROX_M005"
"EBS_SLOPE",2002,"EBS_SLOPE",0,0,0,0,141,0,"OROX_M005"
"EBS_SLOPE",2004,"EBS_SLOPE",0,0,0,0,231,0,"OROX_M005"
"EBS_SLOPE",2008,"EBS_SLOPE",0,0,0,0,200,0,"OROX_M005"
"EBS_SLOPE",2010,"EBS_SLOPE",0,0,0,0,200,0,"OROX_M005"
"EBS_SLOPE",2012,"EBS_SLOPE",0,0,0,0,189,0,"OROX_M005"
"EBS_SLOPE",2016,"EBS_SLOPE",0,0,0,0,175,0,"OROX_M005"
"GOA",1984,"CENTRAL GOA",52.1999006826348,890.20572092214,29.8363154716218,0.571578012246054,485,5,"OROX_M005"
"GOA",1984,"EASTERN GOA",4764.69333405262,1832162.97791334,1353.57414939609,0.284084211615945,202,56,"OROX_M005"
"GOA",1984,"GOA",4816.89323473525,1833053.18363427,1353.90294468779,0.281073895290976,929,61,"OROX_M005"
"GOA",1984,"WESTERN GOA",0,0,0,0,242,0,"OROX_M005"
"GOA",1987,"CENTRAL GOA",148.996551751831,2241.20592462179,47.3413764546595,0.317734711965088,446,21,"OROX_M005"
"GOA",1987,"EASTERN GOA",5405.1626908474,4684295.95712883,2164.32344096922,0.400417816217462,160,25,"OROX_M005"
"GOA",1987,"GOA",5591.6023835184,4687723.2155852,2165.1150582787,0.387208336676534,783,48,"OROX_M005"
"GOA",1987,"WESTERN GOA",37.4431409191683,1186.05253174702,34.4391133995493,0.919770952813386,177,2,"OROX_M005"
"GOA",1990,"CENTRAL GOA",280.391564669137,20919.4664224458,144.635633308137,0.515834466984795,371,8,"OROX_M005"
"GOA",1990,"EASTERN GOA",14166.4772707261,37752005.6008136,6144.26607503399,0.433718697853746,202,40,"OROX_M005"
"GOA",1990,"GOA",14446.8688353952,37772925.0672361,6145.96819608075,0.425418702565013,708,48,"OROX_M005"
"GOA",1990,"WESTERN GOA",0,0,0,0,135,0,"OROX_M005"
"GOA",1993,"CENTRAL GOA",543.722721722816,34557.5641347798,185.896649068185,0.341896046718741,412,16,"OROX_M005"
"GOA",1993,"EASTERN GOA",18435.2376465897,33611147.8841687,5797.5122150944,0.314479928397715,192,48,"OROX_M005"
"GOA",1993,"GOA",18978.9603683126,33645705.4483035,5800.49182813867,0.305627479881523,774,64,"OROX_M005"
"GOA",1993,"WESTERN GOA",0,0,0,0,170,0,"OROX_M005"
"GOA",1996,"CENTRAL GOA",1562.21931694316,1483556.95810441,1218.01352952437,0.779668716366721,393,9,"OROX_M005"
"GOA",1996,"EASTERN GOA",23493.5068722689,42540305.0908643,6522.29293200362,0.277621087710083,214,57,"OROX_M005"
"GOA",1996,"GOA",25055.7261892121,44023862.0489687,6635.04800653083,0.264811642513383,807,66,"OROX_M005"
"GOA",1996,"WESTERN GOA",0,0,0,0,200,0,"OROX_M005"
"GOA",1999,"CENTRAL GOA",6814.18787423729,45295050.8446956,6730.15979339982,0.987668658042853,414,3,"OROX_M005"
"GOA",1999,"EASTERN GOA",31011.0515269278,107895877.781804,10387.2940548443,0.334954590166823,203,50,"OROX_M005"
"GOA",1999,"GOA",37825.2394011651,153190928.6265,12377.0323028786,0.327216231776112,764,53,"OROX_M005"
"GOA",1999,"WESTERN GOA",0,0,0,0,147,0,"OROX_M005"
"GOA",2001,"CENTRAL GOA",62.9938667920807,1328.02744305585,36.4421108479716,0.578502522606739,350,4,"OROX_M005"
"GOA",2001,"EASTERN GOA",NA,NA,NA,NA,NA,NA,"OROX_M005"
"GOA",2001,"GOA",62.9938667920807,1328.02744305585,36.4421108479716,0.578502522606739,489,4,"OROX_M005"
"GOA",2001,"WESTERN GOA",0,0,0,0,139,0,"OROX_M005"
"GOA",2003,"CENTRAL GOA",64.7593423270044,1664.29848954775,40.7958146082138,0.629960298271931,420,4,"OROX_M005"
"GOA",2003,"EASTERN GOA",51882.9474545918,1454587675.23254,38139.0570836845,0.735098119031575,159,47,"OROX_M005"
"GOA",2003,"GOA",51947.7067969188,1454589339.53103,38139.0789024988,0.734182146896251,809,51,"OROX_M005"
"GOA",2003,"WESTERN GOA",0,0,0,0,230,0,"OROX_M005"
"GOA",2005,"CENTRAL GOA",1123.59404833103,334720.85653236,578.550651656672,0.51491074780615,470,13,"OROX_M005"
"GOA",2005,"EASTERN GOA",40069.05997544,272668348.527502,16512.6723617803,0.412105309480721,187,60,"OROX_M005"
"GOA",2005,"GOA",41210.7821597862,273003229.76668,16522.8093787552,0.400934136961813,837,75,"OROX_M005"
"GOA",2005,"WESTERN GOA",18.1281360151927,160.382645388644,12.6642269953063,0.698595100163234,180,2,"OROX_M005"
"GOA",2007,"CENTRAL GOA",375.095372433068,19489.4706684534,139.604694292325,0.37218452839547,470,12,"OROX_M005"
"GOA",2007,"EASTERN GOA",29658.5762308339,60667992.4629647,7788.96607149913,0.262621037870372,141,43,"OROX_M005"
"GOA",2007,"GOA",30033.671603267,60687481.9336331,7790.21706588675,0.259382774400428,816,55,"OROX_M005"
"GOA",2007,"WESTERN GOA",0,0,0,0,205,0,"OROX_M005"
"GOA",2009,"CENTRAL GOA",112.603904981694,1846.60832787442,42.9721808601148,0.381622474523427,470,9,"OROX_M005"
"GOA",2009,"EASTERN GOA",9848.6792153337,17716110.7869922,4209.05105540336,0.427372134209648,157,40,"OROX_M005"
"GOA",2009,"GOA",9961.2831203154,17717957.39532,4209.27041128508,0.422563073496078,823,49,"OROX_M005"
"GOA",2009,"WESTERN GOA",0,0,0,0,196,0,"OROX_M005"
"GOA",2011,"CENTRAL GOA",24109.6846970803,419271700.908269,20476.1251438906,0.849290457389111,383,11,"OROX_M005"
"GOA",2011,"EASTERN GOA",76027.3839028931,773039510.600012,27803.5880885905,0.365704916587725,124,31,"OROX_M005"
"GOA",2011,"GOA",100137.068599973,1192311211.50828,34529.8597087837,0.344825948987215,670,42,"OROX_M005"
"GOA",2011,"WESTERN GOA",0,0,0,0,163,0,"OROX_M005"
"GOA",2013,"CENTRAL GOA",406.291129002473,22789.7160430285,150.962631280157,0.371562705911893,313,14,"OROX_M005"
"GOA",2013,"EASTERN GOA",18832.1985525136,54176232.5076023,7360.45056417081,0.390843933789578,99,32,"OROX_M005"
"GOA",2013,"GOA",19238.4896815161,54199022.2236454,7361.99852102983,0.382670294960996,548,46,"OROX_M005"
"GOA",2013,"WESTERN GOA",0,0,0,0,136,0,"OROX_M005"
"GOA",2015,"CENTRAL GOA",1535.74440995209,657026.144576188,810.57149257557,0.52780364188391,434,19,"OROX_M005"
"GOA",2015,"EASTERN GOA",42766.2717757288,243759412.867256,15612.7964460969,0.365072656507731,148,44,"OROX_M005"
"GOA",2015,"GOA",44302.0161856809,244416439.011833,15633.8235570136,0.352891920121385,771,63,"OROX_M005"
"GOA",2015,"WESTERN GOA",0,0,0,0,189,0,"OROX_M005"
"GOA",2017,"CENTRAL GOA",3517.17489998865,4916809.93782833,2217.38808913287,0.6304457845244,296,14,"OROX_M005"
"GOA",2017,"EASTERN GOA",32883.2664346704,215617061.169467,14683.9048338467,0.446546417857222,115,33,"OROX_M005"
"GOA",2017,"GOA",36400.4413346591,220533871.107295,14850.3828606301,0.407972604620321,536,47,"OROX_M005"
"GOA",2017,"WESTERN GOA",0,0,0,0,125,0,"OROX_M005"
"GOA",2019,"CENTRAL GOA",181.565193371373,8402.59707091022,91.6656809875442,0.504863731233173,297,6,"OROX_M005"
"GOA",2019,"EASTERN GOA",28418.7969404662,52413482.6650481,7239.71564807956,0.254750954561724,121,46,"OROX_M005"
"GOA",2019,"GOA",28618.562454638,52422216.5137962,7240.3188129941,0.252993798150078,541,53,"OROX_M005"
"GOA",2019,"WESTERN GOA",18.2003208004502,331.2516772393,18.2003208004502,1,123,1,"OROX_M005"
"AI",1980,"AI",3.46226305619138,3.91686143993896,1.97910622250019,0.571622141466419,127,3,"OROX_all"
"AI",1980,"ALEUTIANS",3.46226305619138,3.91686143993896,1.97910622250019,0.571622141466419,109,3,"OROX_all"
"AI",1980,"S BERING SEA",0,0,0,0,18,0,"OROX_all"
"AI",1983,"AI",12.7078948181971,33.3379147155672,5.77389943760429,0.454355305910806,290,9,"OROX_all"
"AI",1983,"ALEUTIANS",12.7078948181971,33.3379147155672,5.77389943760429,0.454355305910806,256,9,"OROX_all"
"AI",1983,"S BERING SEA",0,0,0,0,34,0,"OROX_all"
"AI",1986,"AI",18.1320086710367,315.385216029215,17.7590882657082,0.9794330340287,383,2,"OROX_all"
"AI",1986,"ALEUTIANS",0,0,0,0,320,0,"OROX_all"
"AI",1986,"S BERING SEA",18.1320086710367,315.385216029215,17.7590882657082,0.9794330340287,63,2,"OROX_all"
"AI",1991,"AI",25.4838967973563,151.919820901824,12.3255758852,0.483661348309912,331,11,"OROX_all"
"AI",1991,"ALEUTIANS",22.1429329644418,145.047127938351,12.0435513009391,0.543900454392343,276,8,"OROX_all"
"AI",1991,"S BERING SEA",3.34096383291453,6.87269296347302,2.62158214890799,0.784678398215708,55,3,"OROX_all"
"AI",1994,"AI",21.8882540666828,149.098520362812,12.2105905001688,0.55786041513266,380,9,"OROX_all"
"AI",1994,"ALEUTIANS",19.5166549305642,146.522039564565,12.1046288486911,0.620220467685504,316,6,"OROX_all"
"AI",1994,"S BERING SEA",2.37159913611857,2.57648079824692,1.60514198694288,0.676818422851132,64,3,"OROX_all"
"AI",1997,"AI",69.3041505615021,894.2411300357,29.9038648009868,0.431487357664812,396,13,"OROX_all"
"AI",1997,"ALEUTIANS",69.3041505615021,894.2411300357,29.9038648009868,0.431487357664812,344,13,"OROX_all"
"AI",1997,"S BERING SEA",0,0,0,0,52,0,"OROX_all"
"AI",2000,"AI",25.3594657205505,232.990481626081,15.2640257345853,0.60190644009569,419,5,"OROX_all"
"AI",2000,"ALEUTIANS",25.3594657205505,232.990481626081,15.2640257345853,0.60190644009569,361,5,"OROX_all"
"AI",2000,"S BERING SEA",0,0,0,0,58,0,"OROX_all"
"AI",2002,"AI",29.4259406459288,179.652801196607,13.4034622839253,0.455498175749215,414,8,"OROX_all"
"AI",2002,"ALEUTIANS",27.1928672928763,174.666184596494,13.2161334964692,0.486014709450349,353,7,"OROX_all"
"AI",2002,"S BERING SEA",2.23307335305256,4.98661660011341,2.23307335305256,1,61,1,"OROX_all"
"AI",2004,"AI",4670.50333569855,17310056.0685439,4160.53555068862,0.890810957972764,419,14,"OROX_all"
"AI",2004,"ALEUTIANS",501.140974697499,154517.929428597,393.087686691655,0.784385445490528,366,10,"OROX_all"
"AI",2004,"S BERING SEA",4169.36236100106,17155538.1391153,4141.92444874545,0.993419158643476,53,4,"OROX_all"
"AI",2006,"AI",53.9115712819935,707.910295803918,26.6065836928366,0.493522690215545,357,10,"OROX_all"
"AI",2006,"ALEUTIANS",46.521026198652,693.808392983617,26.3402428421535,0.566200812718028,313,7,"OROX_all"
"AI",2006,"S BERING SEA",7.39054508334147,14.1019028203008,3.75525003432538,0.50811543559755,44,3,"OROX_all"
"AI",2010,"AI",28.2852532085329,86.3592325330344,9.29296683159014,0.328544586929372,418,11,"OROX_all"
"AI",2010,"ALEUTIANS",28.2852532085329,86.3592325330344,9.29296683159014,0.328544586929372,367,11,"OROX_all"
"AI",2010,"S BERING SEA",0,0,0,0,51,0,"OROX_all"
"AI",2012,"AI",13.7394680800097,32.6237037291048,5.71171635579926,0.41571597404921,420,8,"OROX_all"
"AI",2012,"ALEUTIANS",13.7394680800097,32.6237037291048,5.71171635579926,0.41571597404921,365,8,"OROX_all"
"AI",2012,"S BERING SEA",0,0,0,0,55,0,"OROX_all"
"AI",2014,"AI",121.530065956114,2883.20410984085,53.695475692472,0.441828738181234,410,16,"OROX_all"
"AI",2014,"ALEUTIANS",103.141345838625,2570.64929434487,50.7015709258093,0.491573679920145,366,14,"OROX_all"
"AI",2014,"S BERING SEA",18.3887201174887,312.554815495981,17.6792198780371,0.961416551292394,44,2,"OROX_all"
"AI",2016,"AI",101.11968621417,1460.96139493108,38.2225247063964,0.377992912531807,419,17,"OROX_all"
"AI",2016,"ALEUTIANS",100.07106342366,1459.86178517431,38.2081376826234,0.38181004953316,376,16,"OROX_all"
"AI",2016,"S BERING SEA",1.04862279051011,1.09960975677721,1.04862279051011,1,43,1,"OROX_all"
"AI",2018,"AI",18.6120338463715,83.726094007098,9.15019639172286,0.491627968617021,420,8,"OROX_all"
"AI",2018,"ALEUTIANS",18.6120338463715,83.726094007098,9.15019639172286,0.491627968617021,375,8,"OROX_all"
"AI",2018,"S BERING SEA",0,0,0,0,45,0,"OROX_all"
"EBS_SHELF",1982,"EBS_SHELF",0,0,0,0,329,0,"OROX_all"
"EBS_SHELF",1983,"EBS_SHELF",0,0,0,0,353,0,"OROX_all"
"EBS_SHELF",1984,"EBS_SHELF",17.7520892790062,315.136673769805,17.7520892790062,1,355,1,"OROX_all"
"EBS_SHELF",1985,"EBS_SHELF",2.62099476634348,6.8696135651999,2.62099476634348,1,353,1,"OROX_all"
"EBS_SHELF",1986,"EBS_SHELF",22.4149188724647,502.428588059175,22.4149188724647,1,354,1,"OROX_all"
"EBS_SHELF",1987,"EBS_SHELF",0,0,0,0,343,0,"OROX_all"
"EBS_SHELF",1988,"EBS_SHELF",81.6178866489983,6661.47942104873,81.6178866489983,1,353,1,"OROX_all"
"EBS_SHELF",1989,"EBS_SHELF",0,0,0,0,354,0,"OROX_all"
"EBS_SHELF",1990,"EBS_SHELF",0,0,0,0,351,0,"OROX_all"
"EBS_SHELF",1991,"EBS_SHELF",0,0,0,0,352,0,"OROX_all"
"EBS_SHELF",1992,"EBS_SHELF",0,0,0,0,336,0,"OROX_all"
"EBS_SHELF",1993,"EBS_SHELF",0,0,0,0,355,0,"OROX_all"
"EBS_SHELF",1994,"EBS_SHELF",0,0,0,0,355,0,"OROX_all"
"EBS_SHELF",1995,"EBS_SHELF",0,0,0,0,356,0,"OROX_all"
"EBS_SHELF",1996,"EBS_SHELF",0,0,0,0,355,0,"OROX_all"
"EBS_SHELF",1997,"EBS_SHELF",0,0,0,0,356,0,"OROX_all"
"EBS_SHELF",1998,"EBS_SHELF",0,0,0,0,355,0,"OROX_all"
"EBS_SHELF",1999,"EBS_SHELF",0,0,0,0,353,0,"OROX_all"
"EBS_SHELF",2000,"EBS_SHELF",0,0,0,0,352,0,"OROX_all"
"EBS_SHELF",2001,"EBS_SHELF",0,0,0,0,355,0,"OROX_all"
"EBS_SHELF",2002,"EBS_SHELF",0,0,0,0,355,0,"OROX_all"
"EBS_SHELF",2003,"EBS_SHELF",0,0,0,0,356,0,"OROX_all"
"EBS_SHELF",2004,"EBS_SHELF",0,0,0,0,355,0,"OROX_all"
"EBS_SHELF",2005,"EBS_SHELF",0,0,0,0,353,0,"OROX_all"
"EBS_SHELF",2006,"EBS_SHELF",0,0,0,0,356,0,"OROX_all"
"EBS_SHELF",2007,"EBS_SHELF",0,0,0,0,356,0,"OROX_all"
"EBS_SHELF",2008,"EBS_SHELF",0,0,0,0,355,0,"OROX_all"
"EBS_SHELF",2009,"EBS_SHELF",0,0,0,0,356,0,"OROX_all"
"EBS_SHELF",2010,"EBS_SHELF",4.76159195581254,22.6727579536587,4.76159195581254,1,356,1,"OROX_all"
"EBS_SHELF",2011,"EBS_SHELF",0,0,0,0,356,0,"OROX_all"
"EBS_SHELF",2012,"EBS_SHELF",0,0,0,0,356,0,"OROX_all"
"EBS_SHELF",2013,"EBS_SHELF",0,0,0,0,356,0,"OROX_all"
"EBS_SHELF",2014,"EBS_SHELF",0,0,0,0,356,0,"OROX_all"
"EBS_SHELF",2015,"EBS_SHELF",0,0,0,0,356,0,"OROX_all"
"EBS_SHELF",2016,"EBS_SHELF",0,0,0,0,356,0,"OROX_all"
"EBS_SHELF",2017,"EBS_SHELF",0,0,0,0,356,0,"OROX_all"
"EBS_SHELF",2018,"EBS_SHELF",0,0,0,0,356,0,"OROX_all"
"EBS_SLOPE",2002,"EBS_SLOPE",0,0,0,0,141,0,"OROX_all"
"EBS_SLOPE",2004,"EBS_SLOPE",0.686772138350638,0.471655970014708,0.686772138350638,1,231,1,"OROX_all"
"EBS_SLOPE",2008,"EBS_SLOPE",6.87803872892664,23.6558516195087,4.86372816052755,0.707138815615039,200,2,"OROX_all"
"EBS_SLOPE",2010,"EBS_SLOPE",4.2056592176296,10.4546391455282,3.23336344160816,0.768812515301835,200,2,"OROX_all"
"EBS_SLOPE",2012,"EBS_SLOPE",4.10593943859967,16.8587386734482,4.10593943859967,1,189,1,"OROX_all"
"EBS_SLOPE",2016,"EBS_SLOPE",5.66544470073582,17.3258280170554,4.16243054200973,0.734704998791907,175,2,"OROX_all"
"GOA",1984,"CENTRAL GOA",3618.93032151567,3032462.79291435,1741.39679364421,0.48119102578214,485,64,"OROX_all"
"GOA",1984,"EASTERN GOA",18664.1963251608,16617665.8547111,4076.47713776382,0.218411608340639,202,121,"OROX_all"
"GOA",1984,"GOA",22348.1967139449,19653856.0140484,4433.26696850623,0.19837246938765,929,188,"OROX_all"
"GOA",1984,"WESTERN GOA",65.0700672684777,3727.36642296889,61.0521614930126,0.938252626067109,242,3,"OROX_all"
"GOA",1987,"CENTRAL GOA",23094.9983530027,103242720.870216,10160.8425275769,0.439958573378979,446,92,"OROX_all"
"GOA",1987,"EASTERN GOA",152236.039683209,3062447605.45595,55339.3856620757,0.363510413021992,160,69,"OROX_all"
"GOA",1987,"GOA",187581.50899688,3260084336.41142,57097.1482336151,0.304385802944814,783,184,"OROX_all"
"GOA",1987,"WESTERN GOA",12250.4709606681,94394010.0852534,9715.65798519346,0.79308444682551,177,23,"OROX_all"
"GOA",1990,"CENTRAL GOA",17464.9072662455,135607560.157044,11645.0659146715,0.66676941006025,371,57,"OROX_all"
"GOA",1990,"EASTERN GOA",85683.8392531936,762995900.662857,27622.3804307822,0.322375615653247,202,105,"OROX_all"
"GOA",1990,"GOA",103280.428885231,898613445.478187,29976.8818504892,0.290247457084058,708,166,"OROX_all"
"GOA",1990,"WESTERN GOA",131.682365791894,9984.65828682671,99.923261990523,0.758820373476872,135,4,"OROX_all"
"GOA",1993,"CENTRAL GOA",16685.5946515919,108570674.779423,10419.7252737019,0.624474313998024,412,89,"OROX_all"
"GOA",1993,"EASTERN GOA",72617.9219039066,574918055.990192,23977.4489049647,0.33018638204345,192,97,"OROX_all"
"GOA",1993,"GOA",89485.0528615626,683494002.034598,26143.7182136474,0.292157375758529,774,198,"OROX_all"
"GOA",1993,"WESTERN GOA",181.536306064114,5271.26498346562,72.6034777642616,0.399939160041187,170,12,"OROX_all"
"GOA",1996,"CENTRAL GOA",6719.88844792207,7580852.04271601,2753.33471316439,0.409729229064178,393,49,"OROX_all"
"GOA",1996,"EASTERN GOA",123331.345674413,1571421062.33232,39641.1536453258,0.321419939339476,214,95,"OROX_all"
"GOA",1996,"GOA",131109.549606487,1579610132.75665,39744.3094386687,0.303138173824543,807,158,"OROX_all"
"GOA",1996,"WESTERN GOA",1058.31548415211,608218.381613434,779.883569267512,0.736910288988475,200,14,"OROX_all"
"GOA",1999,"CENTRAL GOA",18780.7301413417,104689344.644146,10231.7811081036,0.544802094013405,414,39,"OROX_all"
"GOA",1999,"EASTERN GOA",87975.5860519476,685626336.30487,26184.4674626938,0.297633339404326,203,88,"OROX_all"
"GOA",1999,"GOA",106882.066479254,790328813.894481,28112.7873732663,0.26302623348626,764,129,"OROX_all"
"GOA",1999,"WESTERN GOA",125.750285964752,13132.9454649241,114.599063979267,0.911322492033051,147,2,"OROX_all"
"GOA",2001,"CENTRAL GOA",7692.4157960286,20021867.4035588,4474.58013712558,0.581687243094125,350,45,"OROX_all"
"GOA",2001,"EASTERN GOA",NA,NA,NA,NA,NA,NA,"OROX_all"
"GOA",2001,"GOA",10766.1490168009,27128406.4318903,5208.49368165982,0.483784282897423,489,54,"OROX_all"
"GOA",2001,"WESTERN GOA",3073.7332207723,7106539.02833151,2665.80926330664,0.867287129960107,139,9,"OROX_all"
"GOA",2003,"CENTRAL GOA",3030.57909405958,1597424.13340275,1263.89245325809,0.417046516203956,420,54,"OROX_all"
"GOA",2003,"EASTERN GOA",72818.6317787589,1507807496.67207,38830.4969923392,0.533249472611844,159,83,"OROX_all"
"GOA",2003,"GOA",75936.0321461253,1509406654.28739,38851.0830516653,0.511629090349405,809,146,"OROX_all"
"GOA",2003,"WESTERN GOA",86.8212733067974,1733.48192222725,41.6351044459751,0.479549571898704,230,9,"OROX_all"
"GOA",2005,"CENTRAL GOA",27648.4526358847,192221333.813423,13864.3908561979,0.501452686657893,470,76,"OROX_all"
"GOA",2005,"EASTERN GOA",67347.3853063694,321331260.002404,17925.7150485665,0.266167943521798,187,106,"OROX_all"
"GOA",2005,"GOA",124713.737333247,985058120.78578,31385.6355804017,0.251661414784936,837,197,"OROX_all"
"GOA",2005,"WESTERN GOA",29717.8993909925,471505526.969953,21714.1780173681,0.730676745744341,180,15,"OROX_all"
"GOA",2007,"CENTRAL GOA",8176.89544698627,16202344.312096,4025.21357347607,0.492266728805934,470,62,"OROX_all"
"GOA",2007,"EASTERN GOA",65346.5141424928,230508988.580983,15182.5224709527,0.232338674375899,141,81,"OROX_all"
"GOA",2007,"GOA",74480.7297117122,247361227.262696,15727.7216170269,0.211164977543899,816,155,"OROX_all"
"GOA",2007,"WESTERN GOA",957.32012223312,649894.369616434,806.160262985241,0.842101032102751,205,12,"OROX_all"
"GOA",2009,"CENTRAL GOA",3949.92928403018,1075340.35425613,1036.98618807395,0.262532848946574,470,75,"OROX_all"
"GOA",2009,"EASTERN GOA",33427.7116147654,57023904.8749588,7551.41740833857,0.225902912390898,157,74,"OROX_all"
"GOA",2009,"GOA",37471.7478305714,58101072.9651561,7622.40598270363,0.203417412424111,823,157,"OROX_all"
"GOA",2009,"WESTERN GOA",94.1069317758105,1827.735941203,42.7520285039552,0.454292023947851,196,8,"OROX_all"
"GOA",2011,"CENTRAL GOA",28684.0637644627,484183274.682889,22004.1649394584,0.767121601741795,383,48,"OROX_all"
"GOA",2011,"EASTERN GOA",114310.59816176,1302756786.02091,36093.722252227,0.315751319935805,124,53,"OROX_all"
"GOA",2011,"GOA",145244.485436688,1791809952.25459,42329.7761895169,0.291438095307022,670,106,"OROX_all"
"GOA",2011,"WESTERN GOA",2249.82351046551,4869891.5507945,2206.78307742163,0.980869418048277,163,5,"OROX_all"
"GOA",2013,"CENTRAL GOA",19032.2634114171,102329171.24777,10115.7882168307,0.531507367156467,313,58,"OROX_all"
"GOA",2013,"EASTERN GOA",42462.3374362392,124886207.189927,11175.2497596218,0.263180277732058,99,51,"OROX_all"
"GOA",2013,"GOA",61861.4126473171,227256710.023053,15075.0359874546,0.243690458111587,548,116,"OROX_all"
"GOA",2013,"WESTERN GOA",366.811799660855,41331.5853552343,203.301710163083,0.554239831845789,136,7,"OROX_all"
"GOA",2015,"CENTRAL GOA",32905.3878461949,391499738.458902,19786.3523282818,0.601310412166129,434,63,"OROX_all"
"GOA",2015,"EASTERN GOA",82154.4876484682,968175140.56285,31115.5128603539,0.378743921981407,148,70,"OROX_all"
"GOA",2015,"GOA",115647.288251027,1359885156.44662,36876.6207297608,0.318871469339734,771,142,"OROX_all"
"GOA",2015,"WESTERN GOA",587.412756364068,210277.424872055,458.560164942459,0.780643865790091,189,9,"OROX_all"
"GOA",2017,"CENTRAL GOA",22056.0537505695,270812227.785795,16456.3734700509,0.746115948761959,296,44,"OROX_all"
"GOA",2017,"EASTERN GOA",67237.3858807083,528772981.561721,22995.0642869665,0.341998190229525,115,64,"OROX_all"
"GOA",2017,"GOA",101392.668425728,913191826.036931,30219.0639503763,0.298039931481951,536,118,"OROX_all"
"GOA",2017,"WESTERN GOA",12099.2287944506,113606616.689415,10658.6404709707,0.880935525069121,125,10,"OROX_all"
"GOA",2019,"CENTRAL GOA",14016.2971970957,52541132.1686946,7248.52620666399,0.517149865241581,297,42,"OROX_all"
"GOA",2019,"EASTERN GOA",56460.4824404161,137993834.128783,11747.0776846322,0.20805840079438,121,72,"OROX_all"
"GOA",2019,"GOA",70822.7400272349,190605853.046662,13806.0078605896,0.194937499668616,541,119,"OROX_all"
"GOA",2019,"WESTERN GOA",345.960389723156,70886.7491843169,266.245655709754,0.769584217207087,123,5,"OROX_all"
